filename,filelink
CB_US_1013_Ticket_001_Dec_5.png,https://drive.google.com/file/d/1Uz-q_FDESkOgV5HOdPbsoB0XMrxIB0ya/view?usp=drivesdk
CB_US_1013_Ticket_002_Dec_5.png,https://drive.google.com/file/d/1GXf_TYVbkQyeGjwSUmKduwrdSTQ2sSeB/view?usp=drivesdk
CB_US_1013_Ticket_003_Dec_5.png,https://drive.google.com/file/d/1Msjh6jQBxE7CN8MywNL4ZYdK68Tnpnw-/view?usp=drivesdk
CB_US_1013_Ticket_004_Dec_5.png,https://drive.google.com/file/d/1o_utxU-F9SrMZlsArZ7uOyuCJqsPKGU6/view?usp=drivesdk
CB_US_1007_Ticket_001_Dec_4.jpg,https://drive.google.com/file/d/1aOT8xS1BGfVKoqhc7eOdxhBOsIX5q7Y0/view?usp=drivesdk
CB_US_1007_Ticket_002_Dec_4.jpg,https://drive.google.com/file/d/1piUj1D9L9mUG9x-sBZ3CaGJ-UoZwZ5xt/view?usp=drivesdk
CB_US_1007_Ticket_003_Dec_4.jpg,https://drive.google.com/file/d/1jLhWRYI7ueagIneA39u7GofiHgM85GXq/view?usp=drivesdk
CB_US_1007_Ticket_004_Dec_4.jpg,https://drive.google.com/file/d/1bzVc26IHEk1qf2BWVDBD8ihJuC6xXhuh/view?usp=drivesdk
CB_US_1007_Ticket_005_Dec_4.jpg,https://drive.google.com/file/d/1ISYKDf9wxEMnZqJMSVmTqbRUUDwe0DTV/view?usp=drivesdk
CB_US_1007_Ticket_006_Dec_4.jpg,https://drive.google.com/file/d/1oZVI6Zfa3CqUlPJn25WPvHxDlPBXk-ac/view?usp=drivesdk
CB_US_1013_Copy Value_001_Dec_5.png,https://drive.google.com/file/d/14KtMX7QCxVQx6r3EnMYq7C-ht_e2JZ2M/view?usp=drivesdk
CB_US_1013_Copy Value_002_Dec_5.jpg,https://drive.google.com/file/d/1iIp2IE3AN4rDZIOjkyIubU4IrdVv5JXb/view?usp=drivesdk
CB_US_1013_Copy Value_003_Dec_5.jpg,https://drive.google.com/file/d/1OXc0N3Lk7tlIB0ZIbtm1nlUI6f_x09aL/view?usp=drivesdk
CB_US_1007_Business card_001_Dec_4.jpg,https://drive.google.com/file/d/1m2wjoHeHDWM8PoP0qomSCzu_HgTEI0kG/view?usp=drivesdk
CB_US_1007_Business card_002_Dec_4.jpg,https://drive.google.com/file/d/1Hsldcr1_AUO1k7t6foWqh-TSuG8kQtyv/view?usp=drivesdk
CB_US_1007_Business card_003_Dec_4.jpg,https://drive.google.com/file/d/1j-uia3IiiTWSiIfx0Vge1MDE8WPfCf_n/view?usp=drivesdk
CB_US_1007_Business card_004_Dec_4.jpg,https://drive.google.com/file/d/1JR39sHOnndUd0mUVeYsWSLn8awjvRwKG/view?usp=drivesdk
CB_US_1007_Business card_005_Dec_4.jpg,https://drive.google.com/file/d/1ae_mqMCaVi2PKjED4xOQtUcCHiefSvbz/view?usp=drivesdk
CB_US_1007_Transportation_001_Dec_4.jpg,https://drive.google.com/file/d/1IrY0Sy7hPlEowM1LbTBoeEpvrBLfte-_/view?usp=drivesdk
CB_US_1007_Transportation_002_Dec_4.jpg,https://drive.google.com/file/d/1GLRWuM5e9dpiFlPV7l6NAT8_kPB596Q4/view?usp=drivesdk
CB_US_1007_Transportation_003_Dec_4.jpg,https://drive.google.com/file/d/1uIp84wLcTzYSnDlJmkbKDRNJ_OseJUFb/view?usp=drivesdk
CB_US_1007_Transportation_004_Dec_4.jpg,https://drive.google.com/file/d/1ufQ5QEDfw8EB0V-FZzLaT9fJWIs9hVV_/view?usp=drivesdk
CB_US_1009_Reservation_001_Dec_4.png,https://drive.google.com/file/d/1GiFYVPXLxO7vCtFwlFNeNo_RLXeuNrtx/view?usp=drivesdk
CB_US_1009_Reservation_002_Dec_4.png,https://drive.google.com/file/d/1SLqSIIrAKRTlEfuCuF6mCm43euYD08po/view?usp=drivesdk
CB_US_1009_Reservation_003_Dec_4.png,https://drive.google.com/file/d/1_cywDfPm605G426zlEc0tGUNVjcx03uc/view?usp=drivesdk
CB_US_1009_Reservation_004_Dec_4.png,https://drive.google.com/file/d/1i4oUq8GernCb_42jLdgPIs2dxCEhF1RS/view?usp=drivesdk
