Name,ID,MIME Type,Size (bytes)
A000053,1Eaxr4afmGYNsgiJ_ep5hXVv3axub6wWV,application/vnd.google-apps.folder,
A000051,15gktfSrU1PaNEhb4PRcr50BMnglwGAiq,application/vnd.google-apps.folder,
A000050,1yIKA8Q3Y2X16l7U6b7tuhYrgb2NPsFhz,application/vnd.google-apps.folder,
A000010,1EfOqUuPlm8QlHUOCxGXhGbGt1CmGmGU_,application/vnd.google-apps.folder,
A000009,1k-bThs3l7Kc-cHAeqq3ziOhVQQ-9ZLAi,application/vnd.google-apps.folder,
A000713,10ytFz-S0E7ERvsU2N6eqgh7pvV3mtyL7,application/vnd.google-apps.folder,
A000672,12s70aWGUd8ZcC6XiRNAjmbrIe3rmerqi,application/vnd.google-apps.folder,
A000681,17hrEw9cvTTZQxZANvjDGVSRCEXJT3fhw,application/vnd.google-apps.folder,
A000679,1E-mSos7U5dRDGkXYYksQT43K2XazJHcD,application/vnd.google-apps.folder,
A000689,1GXAgUb7RJEEIVIzqEWjZ7hns-v_1q1PD,application/vnd.google-apps.folder,
A000688,1-kzn_CllWqTo4Le3uJraRwuO4Ys0gSzZ,application/vnd.google-apps.folder,
A000686,1SDZw14ypKt21r9olfrEhoEoP8qRfk-G2,application/vnd.google-apps.folder,
A000683,1-xWNvNoRiC6vMqjvhY1eonNvVIDJPi9b,application/vnd.google-apps.folder,
A000697,18IdktrlnWBpajkvPCvdO5Qyw6dHF7jzY,application/vnd.google-apps.folder,
A000696,1RtO6YZo-T6S-pRPHAx0UxvKv9kqG2ywk,application/vnd.google-apps.folder,
A000695,1slZRlcw_MKYUOP3hJ_wlEG8vSDmeKbO0,application/vnd.google-apps.folder,
A000692,1kBqoMT2vv8B4qyMix95KD2bwyriTTlXw,application/vnd.google-apps.folder,
A000691,1stoSSyZzVL-UXKQR_QUWa0I6uNgvHJvZ,application/vnd.google-apps.folder,
A000703,1vea2JBypr8WgWZCz2Q4cwTOEpL_gF6T5,application/vnd.google-apps.folder,
A000702,1GBpoOKW2wBASY6salw1KmMrcPDqozUCe,application/vnd.google-apps.folder,
A000701,154Te0LFzQ9n65-P0-rRVagbSv7ZAGQdG,application/vnd.google-apps.folder,
A000700,1-E__DbaalBht6bcuQlZhkCAl8iIkhM7G,application/vnd.google-apps.folder,
A000707,1hofszyfzOm_xxCelHors1pIy25vKcFuq,application/vnd.google-apps.folder,
A000706,1OjGptlH_YSfWDLnK1hFXkdiHuLvjAx5b,application/vnd.google-apps.folder,
A000705,1rnbCPusEc_RPtxttT45M4r9KCUsf1ImL,application/vnd.google-apps.folder,
A000704,1PoLNCfVOaSwlv2P8s0yaRdQmRwIuOh5T,application/vnd.google-apps.folder,
A000712,1NgRNaTWVHww756SnjUnOHlXvki1Wmd64,application/vnd.google-apps.folder,
A000711,1sSb4egb_hyCq-mC6lH4D9i487lpY_Lrl,application/vnd.google-apps.folder,
A000710,1KqVto_iOfedZkmUfP-V7uir78_JZf_B_,application/vnd.google-apps.folder,
A000709,1IQ6X_vhhvMnM95RW_MUldbg9w8bIBdt5,application/vnd.google-apps.folder,
A000074,12VaT2RlwmgsgZIQO884Ua53Z9nLf5me0,application/vnd.google-apps.folder,
A000281,1iAm-zsxftPM69JC4gd-2WGCjCIx86IPs,application/vnd.google-apps.folder,
A000315,1ggX5Pxq8RDpsW9zllXbpz3GfMBR8KXfE,application/vnd.google-apps.folder,
A000471,1fHreukY4fC1QJyzIwgYqE8MQHE-KEtD0,application/vnd.google-apps.folder,
A000470,1UFW1AKvdTgufSEaRy8tm1hAWkJQCwnnN,application/vnd.google-apps.folder,
A000473,16SWPDe6K1G22M8YfaEhGQ2lEqnUQfKHr,application/vnd.google-apps.folder,
A000478,1xGsnUYBlLTv3OwRKtrnB_pLgZW6NITwd,application/vnd.google-apps.folder,
A000474,1IFD9uVt8juQSzGAz_i-bZQOPkXZcr_LA,application/vnd.google-apps.folder,
A000482,1obFj0zi4rLHTFha0sDNj-030LeETOXJB,application/vnd.google-apps.folder,
A000480,1H92k7e0gpzyA2jLhxs3FSIzjeL3nvX4k,application/vnd.google-apps.folder,
A000484,12l4N0dx2CyjDYJV0m5uqWg8QHMeBicdC,application/vnd.google-apps.folder,
A000481,1e_LF-NdIiWSatnl8CvKfIZOw3zKRR7WR,application/vnd.google-apps.folder,
A000487,12OLgC7_-YQABKs20MlabCjbtycvoMypM,application/vnd.google-apps.folder,
A000491,1jXl6o7RfJY_RzCoBUYlNKtBl7-l4-zMY,application/vnd.google-apps.folder,
A000488,1GQpPrGWYRQizaX_06y1wHwgHmLm_hD88,application/vnd.google-apps.folder,
A000492,1sCn44IUufI-c42fgSlBMllzwk6SINs1o,application/vnd.google-apps.folder,
A000495,1P57WK80NTQzkx7nTn1-wuhB2U7plP7Up,application/vnd.google-apps.folder,
A000493,1H59IbvIWfKsRGZKcbOFokFRQI5EEJrSE,application/vnd.google-apps.folder,
A000500,1R5NHq9PFdAFlrUy5v4npYuv40nXtmoAO,application/vnd.google-apps.folder,
A000503,1y9I66cFPDMDfp_tkNC6LMawsCWcjKWti,application/vnd.google-apps.folder,
A000508,1KhK3_TA5C5xHwRWJ0t0ZykowaggsJp1i,application/vnd.google-apps.folder,
A000511,1D48YVJQn0msM0cBqKXP9kZqo7DXv0Pup,application/vnd.google-apps.folder,
A000506,1dQsjsf2x5xJgy_-J7Yt6AF5vdpjXsklf,application/vnd.google-apps.folder,
A000509,1H_ib9MjKj-MqWVOvD1ZN_9Pv9MD9k3eB,application/vnd.google-apps.folder,
A000516,1WiGdAczjookwKMskeW_1kwPnbDKEtQDX,application/vnd.google-apps.folder,
A000513,1h5v85iZq-LBu9CQBjBXVfklkV5fAAkMC,application/vnd.google-apps.folder,
A000514,1IPHOdUA7K2cJVeg_HLBvUg35_iIaiBQs,application/vnd.google-apps.folder,
A000522,1YLkeyzwszZwlCIrqhijNciDuVVtrbVcn,application/vnd.google-apps.folder,
A000523,1Xq51w1eMagueMOjzeXrAcfmoGAgjJpvY,application/vnd.google-apps.folder,
A000521,1WRUSCTUkfpKRqn8ZTs4lalzbaiPubu9k,application/vnd.google-apps.folder,
A000526,1tqTO_kktvo6fDAdeBeNK1mxgZzOd6MdL,application/vnd.google-apps.folder,
A000527,14QjLMjVLDEPrp0atCLTGrStXJVmRullr,application/vnd.google-apps.folder,
A000524,1NnK1GX95VlUVbdVndcr3tf0v5toN7vR8,application/vnd.google-apps.folder,
A000530,1z92jj2rwV3RgaG80aupcfkstKlFVJCwo,application/vnd.google-apps.folder,
A000529,1PbBVvg6dQ5e2_A3tI9JYbgY42ffPNS2H,application/vnd.google-apps.folder,
A000528,1qX4gABBWwtYHQj6dx3MCU5y0pRsoh0RZ,application/vnd.google-apps.folder,
A000536,1USrfnj9IPuh1zD0dlG0PEWZMcRzDpE50,application/vnd.google-apps.folder,
A000534,1B3wBOPvbhErh1MzmSFsLXmNd_3GYIWF-,application/vnd.google-apps.folder,
A000535,1hEbA08U02FvfCig3gGrDpyfbiTWz4GeW,application/vnd.google-apps.folder,
A000541,1w12W6SC_mjqsMty6TZPQIDBM1tEliin_,application/vnd.google-apps.folder,
A000540,1xpgqS9edQSBPWwNPLY2HUPcKvAgmp8df,application/vnd.google-apps.folder,
A000538,16_WkhXybZx_I87NQQ6f-y6TYnHSHuJvJ,application/vnd.google-apps.folder,
A000532,1g-CrZpWIdnzaKlDcC3Uk2_SlWx8pZtHR,application/vnd.google-apps.folder,
A000537,1haa6fVf2P3dyQvopRygLc3Ew827tPUnn,application/vnd.google-apps.folder,
A000548,1CwsLDNUwUB-WwB4kTsEIThpf7FKzFb5V,application/vnd.google-apps.folder,
A000543,15fX_tS7fca6XyA6ZL03DrW2Alf7acySX,application/vnd.google-apps.folder,
A000549,1g934gRyDLGycMfIMW_uoNwGqCji0Zl6I,application/vnd.google-apps.folder,
A000553,1JuPPKT7nE6P0Iw5_Nb9k2CKoXu9sFigs,application/vnd.google-apps.folder,
A000551,1TBo_ZVfa_kgYDDkRbKzncTlmxctFbDZL,application/vnd.google-apps.folder,
A000550,1DIVTR2W0L8q3Vg0KhhtPJy42mjZculHo,application/vnd.google-apps.folder,
A000554,1-i62Mrh3poDGhkdMEmbegoP1Soi0V8bX,application/vnd.google-apps.folder,
A000559,11N9z0OIMM9OAj6xN9SFc-clln-W7KBha,application/vnd.google-apps.folder,
A000558,1mRScojdQDwEwdrI9HUo62Y6iV5UF59Af,application/vnd.google-apps.folder,
A000562,12FrqaacLJDAYNzC1XdQZSFcJnKJWl-2M,application/vnd.google-apps.folder,
A000563,1mc7ivaKuGRGWsb_s8-lBXTgJAGH2v29j,application/vnd.google-apps.folder,
A000560,1SMxX2a2i2g-tvYvB-kUu2tXJHJi9txSP,application/vnd.google-apps.folder,
A000555,11IijqTGERoDLop6XopSjz8_YXTa-mJA_,application/vnd.google-apps.folder,
A000561,12SLNmVfsNYbU4o7IJaLHxOJEjtvPQJn-,application/vnd.google-apps.folder,
A000567,1dZshET6ceFUrcXgjkKA06EsTSuG2ujYY,application/vnd.google-apps.folder,
A000564,1xRUt85Z2TeEEf-TVVs6xwuCVyQ-nQQwa,application/vnd.google-apps.folder,
A000568,1dGQBNYAyTyUWZW0L1T_m54k7G1pdz7OR,application/vnd.google-apps.folder,
A000571,1P18bGKDshjuz8WKeF6_aYsLVCXw-nHJs,application/vnd.google-apps.folder,
A000574,1z0VPyLavjTVBAUTstEAx-HnV-uIHCT6G,application/vnd.google-apps.folder,
A000578,1miN4fO-LXHxhPIz3RyqZkkcpFcc6I9mR,application/vnd.google-apps.folder,
A000569,1PJILB34nP7cW9vJzu9wa5yOgo-gIlsN-,application/vnd.google-apps.folder,
A000577,1sKyCBwQzKayAJXL1vJx2pbYHoyAZyxFR,application/vnd.google-apps.folder,
A000576,178c4RoofIwhqgMyQg5cXCuh0-vXXgMfG,application/vnd.google-apps.folder,
A000581,1a_awuijyq2cpKqFPZRcbW_TliJBmxlQK,application/vnd.google-apps.folder,
A000579,1qea7_K6ssIKl0UQlH1i0IQqLKwhUyK-g,application/vnd.google-apps.folder,
A000583,1vMCvW9pw7NeheSQ-uwxScP0tBxP3ee1Z,application/vnd.google-apps.folder,
A000582,1Ph4rTLDH4R1qUu6K5pSbqpMvHVg2bARh,application/vnd.google-apps.folder,
A000580,1Ojp2nYGVFzkn2fxy90JSwyuaiPLsU90V,application/vnd.google-apps.folder,
A000587,1TAMx5JI6fVgx296C9Eq5RZlwKA2Dfqg8,application/vnd.google-apps.folder,
A000586,1VrjcqKRXui3NDBFVff0WnoTfGksR_nDX,application/vnd.google-apps.folder,
A000590,1qC-x6nrG6Zrf2migZWhzjcTJlbm0KFgC,application/vnd.google-apps.folder,
A000589,1y-lx3Qa84EOi-Lxgir_xaAM3zuhtzzMq,application/vnd.google-apps.folder,
A000591,1J82j1gGcQ0MxTz2itMCHefm5ynLkDU-f,application/vnd.google-apps.folder,
A000601,1QzPCKouCR5HutRzS0A-yLHtgP--qmHZe,application/vnd.google-apps.folder,
A000600,1BEyGv-cIZARBWHUOCK5c0klPbhhe6p8z,application/vnd.google-apps.folder,
A000602,1gJiYgTs7_c9Sn4rlEW9VpIQogEj47wSe,application/vnd.google-apps.folder,
A000604,1NaRDJ0wC53GXgTqZQ28XnztYWtlHL_29,application/vnd.google-apps.folder,
A000603,1YZPi2oOxsMJLpjbMbUGZInuf1ZVNKXWr,application/vnd.google-apps.folder,
A000599,13AR3Cr1hazLA2dMydda-PDc3uBtbFnO7,application/vnd.google-apps.folder,
A000611,1LxKVP2MzydbtUivlInlA2Fd6YrBi5MTs,application/vnd.google-apps.folder,
A000614,1hH33dauJ_0BQp9AddRBZwNcwMh2Eptpq,application/vnd.google-apps.folder,
A000627,1hvanEacRysfrj4p7AnKO54OxfxrSbhEk,application/vnd.google-apps.folder,
A000628,1xjKay4fMdqsKhfBOWgG6jTF086-Fi6Xr,application/vnd.google-apps.folder,
A000617,1OhWx_l6og4bdqujo23rNQlAX_n6uf3lh,application/vnd.google-apps.folder,
A000629,1dS_FWqU7bHsL9w_kIG2zF56RmRxECvuf,application/vnd.google-apps.folder,
A000625,1FBr_ghWIwlkft0ibT3l7_Yw-835tTHJI,application/vnd.google-apps.folder,
A000632,1_ulPKguwUP9uIsAydViaEy5ydi8IWINH,application/vnd.google-apps.folder,
A000633,1ragiMVQHPELYR7QAivsEXiWtc0XDoKLG,application/vnd.google-apps.folder,
A000630,1fdP_qqH-CMYeU9OYdLTact-IeoQg5Hlc,application/vnd.google-apps.folder,
A000637,1k1e1h2QwWRk20Z5XY2bQjQftcM_LAEW0,application/vnd.google-apps.folder,
A000635,1J43A_m3G0nrUzrc5UOlP_FLgDd6sIis1,application/vnd.google-apps.folder,
A000638,16PObvtI7AQzNpMXi7D1xiLkBDuTAxlzV,application/vnd.google-apps.folder,
A000634,1gb3XmXGHla3kPe1FJEMuA2XzMvNvdPlX,application/vnd.google-apps.folder,
A000642,1INDJGwLqc4sXRp-A9Vl6caR-Agy5jpsn,application/vnd.google-apps.folder,
A000641,1Xq5NdQpnIj8CyNG77IixRlJNLrxxdBvn,application/vnd.google-apps.folder,
A000640,12QbjAvcXR2PrPhewqayGUI3-DMoV1hf4,application/vnd.google-apps.folder,
A000644,1drujAeA-2-bkqt5Jt3PcNMPDDT94pqU-,application/vnd.google-apps.folder,
A000643,12zLhBxyzasM8UusxBtukDGUIp76dUHE2,application/vnd.google-apps.folder,
A000647,1x3lmmn0Jdi1Yh8bQ7p-GgMW4ZTYZr9KC,application/vnd.google-apps.folder,
A000649,1Hlalp6IK-6AOnJ3sWIVTSNzovmpPxV1I,application/vnd.google-apps.folder,
A000645,1epuNiqzyU4I0GyvVxbQZEbq-SR1lW8hE,application/vnd.google-apps.folder,
A000653,1CLfs2Xw3h-OiiEPyNfRWHJN2qRDAXh5P,application/vnd.google-apps.folder,
A000652,1Q-kpOEqdV3ID3vHKUKZq86nW7NOoTEFA,application/vnd.google-apps.folder,
A000655,1lP3F07fkYcYy63HvSaxI7-i9kfuRPwfj,application/vnd.google-apps.folder,
A000657,16YRO9B8q6VCHNXvbCYXlJIO6g1Esual2,application/vnd.google-apps.folder,
A000661,15b12w84hzKgAu1ePr0Tgp7J4gsNKYtPy,application/vnd.google-apps.folder,
A000663,1cGUnHSReOLydsJ3t8iIrFecdJrZwwCV9,application/vnd.google-apps.folder,
A000658,1mzaPBh9iX7D3y2uAYJiNywZ6ed1PIGRV,application/vnd.google-apps.folder,
A000664,1oFqaoDYdulKRyujMEm_zJRRlWOSU-Tgj,application/vnd.google-apps.folder,
A000669,1TG1zBaAU54jg_fA8DZzp-AsXXYPSRbfU,application/vnd.google-apps.folder,
A000668,1UzkAPi4gsiBGw0KWRuJoF7YyHZgneoqJ,application/vnd.google-apps.folder,
A000665,11U2MziHRRr-b4n6Ft6eYFiQSqx_eZ0gO,application/vnd.google-apps.folder,
A000670,1E4ViMyZKe8U5ajEjG5ortvB_bDjbBqX-,application/vnd.google-apps.folder,
A000673,1Iq4_kIV1-CUdj-EjgFyeWMUAt5QvCStC,application/vnd.google-apps.folder,
A000674,1TUyjX-fn4wVnrrM2_E5ECEk3FCNFkb9A,application/vnd.google-apps.folder,
A000676,1a6mr167HnPZSx7xUijtHIWuUire6Xnri,application/vnd.google-apps.folder,
A000671,1RMCn0eOV6IjJoEelUvEOUV8ze1rrO9Sb,application/vnd.google-apps.folder,
A000675,1TN4_Wg4aR8gvr8DcQD6PD8nAHtglZ-GP,application/vnd.google-apps.folder,
A000684,1EMrvcCN7uW2A8JvCqw6QdXwzkbPA0hp7,application/vnd.google-apps.folder,
A000678,1zM9HItw77sgZLfbFv4-bDtnCWbKw-jNk,application/vnd.google-apps.folder,
A000677,1l9JTT_UNFr6DoVoZ42JlbdV6ZCftl0Tz,application/vnd.google-apps.folder,
A000682,10Lq3FZpM_fsEbOA4OgcdL9IQsr9wQp8i,application/vnd.google-apps.folder,
A000687,16DP89bsGNMXFjFEALzs0E5grIQoWLglC,application/vnd.google-apps.folder,
A000685,1LZaad-tKL0JhPkud5mQ6ntYc_zGItfiX,application/vnd.google-apps.folder,
A000008,1L9MJaGnAUQ1qqtS7Gzgs68Y0sa1bjlVi,application/vnd.google-apps.folder,
A000066,1wn1btHTUx--l-CdLJ2NO1UIjkAgQzuP_,application/vnd.google-apps.folder,
A000104,1mYMp9VYDkJG14qDlqRoPUwIo3h2_Mqgf,application/vnd.google-apps.folder,
A000096,1gCO7HSJRnPv1IoPHqjyF77IGVabKun0A,application/vnd.google-apps.folder,
A000080,18itqx5QxHE4AOhNRp6N76YHvoMXyJokA,application/vnd.google-apps.folder,
A000152,1-TIhhAugeEOJt9OSvI0ILVdPrBCpJ9Ng,application/vnd.google-apps.folder,
A000204,1ZjKfrBabOsgzDXnIK_CZWu_1drpP0KQx,application/vnd.google-apps.folder,
A000111,1tbO4KSwmY8wm6vlvEDVFiNZcN11Vq4be,application/vnd.google-apps.folder,
A000236,1z1pU10VtXW7aDdAcd5F846Ts9W2On34_,application/vnd.google-apps.folder,
A000219,1y-RhBdwliOy2Q4O0siAxYUfr7ttlr7io,application/vnd.google-apps.folder,
A000270,1QwB1yHk7mxlVWuNraXL3pdPM_u9PS4-M,application/vnd.google-apps.folder,
A000269,1fDSViWEgpT36DL5ztLRKFmj_O-fhRCIa,application/vnd.google-apps.folder,
A000260,1U0kuVikw65jQ3psGyb-JcpluzDxPGqdG,application/vnd.google-apps.folder,
A000326,1pWx5iz0OgiCRm21s62am_MMoGFvsFJeC,application/vnd.google-apps.folder,
A000275,1lylkEO-8bnDWD-AndOJ9qBtlbXjdSvQf,application/vnd.google-apps.folder,
A000396,1PmHYkcx4NeNOpqGF3W_UkzBsL4KKczMr,application/vnd.google-apps.folder,
A000390,1jZz8zEQ-K00JgfvWGej1v35eaC2K7d1T,application/vnd.google-apps.folder,
A000386,1zokilH8r7GXdwLJYF4bQYyabMkfEvFQ9,application/vnd.google-apps.folder,
A000344,1IBviCtrfZsVdQqhTu_GH3JBvvfcFi2c6,application/vnd.google-apps.folder,
A000436,1guZqIibbIdOm4vXK6OqfMNV-gCHb8HDT,application/vnd.google-apps.folder,
A000423,1p_C6u2ubUQuOOttHiOvS4rRtLIojs1nd,application/vnd.google-apps.folder,
A000420,18aJxYx0LBa1nyp5_6GJJG0XHNIVRq5eS,application/vnd.google-apps.folder,
A000410,1pqXepYyrc9m4DSRtAx2nygLv_1GfQgmA,application/vnd.google-apps.folder,
A000402,1ebHXDxvrYwZcE7pE4QEI7dkf_a4qPI9a,application/vnd.google-apps.folder,
A000452,1bUGL7vwDvRU6In4VctpRg4nuJdJ3kcRR,application/vnd.google-apps.folder,
A000451,1hfY0FzfegapMDNn23LbG_xIDg-TGDHZo,application/vnd.google-apps.folder,
A000445,14KEtNaTOBp02uKnaNqDQA_1EU988yBgS,application/vnd.google-apps.folder,
A000443,1U6IO7f57N8S-SwlYODu_nPdFnGa543DR,application/vnd.google-apps.folder,
A000441,1cczCf0Wl7DZ9zlkPf3JxiM-7sKnZVFkP,application/vnd.google-apps.folder,
A000455,1yk2R8oMUphMjstDbZwigsVmyJfBESSLs,application/vnd.google-apps.folder,
A000483,1UDqKIiKb5EkJQjZ-KBl8q_EccbmuF_CQ,application/vnd.google-apps.folder,
A000499,1X98s9RQD8_KabxtdLUR9mnXrQziFV5M9,application/vnd.google-apps.folder,
A000505,13BFbP06b-RWmpEvDQm6PDOfY24bsAJht,application/vnd.google-apps.folder,
A000501,1IFP2a9nVQAVOh56LADR7ZUJEd_PHcWBB,application/vnd.google-apps.folder,
A000512,1k8jglnjJs5txWnlMKAK09dI4IqL2eIVU,application/vnd.google-apps.folder,
A000517,1lv3lNakSBg_f0hDvg-gQ7yvAJ3sTnZY8,application/vnd.google-apps.folder,
A000520,1xN3LAjjAOwc3rA2kyLeErTgYnqLt5D_M,application/vnd.google-apps.folder,
A000531,1BAxU3u2IBgewz71tUZ0Wj-fl6r0MRr8F,application/vnd.google-apps.folder,
A000565,1DVSXvl_2RZ2azjYlwAD-XJx7kpBuSrqT,application/vnd.google-apps.folder,
A000593,156A3iphgqdroE7Y61aKtRxOcLTRyqI5x,application/vnd.google-apps.folder,
A000592,1V_rUmAPdDnVsxEkmXaImdRoM8agjFd8g,application/vnd.google-apps.folder,
A000608,1iKZ5vlwIVoRDy5-bDqOoJYYqpLVhO1U5,application/vnd.google-apps.folder,
A000606,1VMoU9OZYqI-ltdDNK3GkSiN6S9ljwmBB,application/vnd.google-apps.folder,
A000615,1yEM2qkkvVQTox3PqSfuYIWpkJQl_TZAA,application/vnd.google-apps.folder,
A000612,1ArGfSw96ymiNMiKyJHOjs9H88DhN3Mj9,application/vnd.google-apps.folder,
A000631,170LOjXKvFFYPLdRBjhVSXb-9U4m3NgdS,application/vnd.google-apps.folder,
A000639,1uHuZ_AEfjm0BckesMYwWekKxbd-jS9u4,application/vnd.google-apps.folder,
A000646,1uuc1w3EXIbYcpmQngQhUHNTpULBkYywt,application/vnd.google-apps.folder,
A000654,1_A-VE4SfL0teckus34fo99g92HnCCbUU,application/vnd.google-apps.folder,
A000650,1k92dPpwl1II6rTxl3aJd2l72W8aEvngM,application/vnd.google-apps.folder,
A000135,1FPHlcwI--UAK9eqX8vxbe25rIiu-Mq7z,application/vnd.google-apps.folder,
A000123,1a0oRFvW__wYROnSXzokekKmTWJwqfFTf,application/vnd.google-apps.folder,
A000178,1BzFkjTnjwT3cpX62_f564r0QSZ_lucsx,application/vnd.google-apps.folder,
A000177,1pYBgPrrHWKq4HOG0mgWSN-DpuQYGQjst,application/vnd.google-apps.folder,
A000170,1qiYBbRsCCaDiLp2B8ur2G9f2mWVjpc_M,application/vnd.google-apps.folder,
A000164,1vcJ0R2y0KTJyH3zrgGlFIAjo8FFlCypq,application/vnd.google-apps.folder,
A000171,1WdcfzZ0CvSiqPqqnfKyN-lVuwguyRHrL,application/vnd.google-apps.folder,
A000166,1ooVj6kQov6N1Eo118CVESDGdD4bzglma,application/vnd.google-apps.folder,
A000163,1VoIKn4JTE40N_KTyR5QEm_-Vqr0nXXKX,application/vnd.google-apps.folder,
A000168,14Qtf5iXhskZR5IMTs5WSxewP6Ma0cDNs,application/vnd.google-apps.folder,
A000174,1BPQvUASknstD0hhRjISOPCWqdzplv1IB,application/vnd.google-apps.folder,
A000165,1Wz3C1jHvCf4jtlb7ESjUAaKWWKmnLgwE,application/vnd.google-apps.folder,
A000173,1OzZt7aNpsn2lrzeUJF0-foGTUyTjLzEp,application/vnd.google-apps.folder,
A000169,1NuvYleS4qATBJV9Esq1LNVR9dF0LIH-B,application/vnd.google-apps.folder,
A000143,1RA2YISVkOtUwJRhIzwgD6Kz7UZNHtSYx,application/vnd.google-apps.folder,
A000161,1GIaXKRWQwBFysfms5Z6nKiJVfQ_bemL0,application/vnd.google-apps.folder,
A000156,1THeoqqqOyXG8SeD8zA2EUfQ54Xk0OuvH,application/vnd.google-apps.folder,
A000162,1WuVisJIQ_XBog6OF9qOaCmvo9h1NZ1_A,application/vnd.google-apps.folder,
A000159,1iNR6R56yDOjSxNLyt32Vg8HOh665MNMq,application/vnd.google-apps.folder,
A000158,1R6NH1uy5z_E4ZAcWZx5ccFgXndOgGhrw,application/vnd.google-apps.folder,
A000157,1WhaLbuy0_L8l4IRXU1T0yqYDPTke9b6e,application/vnd.google-apps.folder,
A000141,1ooUD1vU0YGiTvY47twkdFBv_1UBZ55y7,application/vnd.google-apps.folder,
A000154,1ZU9nkzfekg9_ySN57-5IDPo2goiFzOmS,application/vnd.google-apps.folder,
A000153,1nKaOSbxkK9jIxqYT6ZgCPB-WdGu4nFjm,application/vnd.google-apps.folder,
A000015,1o381U3dxFlq0hq65M-cRqalq7J1KZpvs,application/vnd.google-apps.folder,
A000005,1AIZUxKwdI0YNWGjzxO1T0eRJsTUQb4VJ,application/vnd.google-apps.folder,
A000121,1VO9pHwlSLsZNDCebG3BXiobU9yqzxeEA,application/vnd.google-apps.folder,
A000120,1E2pCA8bbmr0gNW4uh32v9Iqp5NWM5Sfz,application/vnd.google-apps.folder,
A000179,11r3gpd1XMqDroHCMNe7ldpOdCtOsLzQ_,application/vnd.google-apps.folder,
A000184,1svTD2SL-XiwWBC2NSJE5pAObptgBr5yO,application/vnd.google-apps.folder,
A000182,1BzCX_fV5gqpkprSDBZ8-FG03KJu3NWLT,application/vnd.google-apps.folder,
A000181,1SvXqmMLFxu7UlAxKUxZzV-Ivbr5XwwPE,application/vnd.google-apps.folder,
A000180,1a5jeVnU8l5M3-Xl4ojiYHdp4hAdg1iy6,application/vnd.google-apps.folder,
A000188,1XX8mEZ9RzqjFSfgzNSNbhEcCwG3TNSQz,application/vnd.google-apps.folder,
A000187,1vLOuB8HIpKhZFjm5_w6T5RYKAI7NIULz,application/vnd.google-apps.folder,
A000186,1It-FYeKW9mr6PFAVnvkL0NFJ5LzTP6F3,application/vnd.google-apps.folder,
A000185,1EVpdAje-cvFOlceBfRO0CMqy9JIgVYUw,application/vnd.google-apps.folder,
A000192,1I-lMGwcPetM_DMhzKKhWIEN4NpRyawwx,application/vnd.google-apps.folder,
A000191,1e_8r5oHbvG_H1MBMLaMIGGLlgnZR8lDY,application/vnd.google-apps.folder,
A000190,1wIeFCZeUEuFkaJ9CSFhHgM0Do2Eokx02,application/vnd.google-apps.folder,
A000189,1tMsvf5aIqZKMBzSwHF7r5QJdFghR7laT,application/vnd.google-apps.folder,
A000196,11Ic0R8J7LK6GMMtzqoWCwxjxyIVbh1yE,application/vnd.google-apps.folder,
A000195,1txOuMTmEhda-1BISeFrRcixMz2JPISxh,application/vnd.google-apps.folder,
A000194,1YLnqujUTCef3Ys_3VDC1SBWeskyiuHOg,application/vnd.google-apps.folder,
A000193,1WPiIBge438Pm0VAgbH1jTSGkya-vHRCR,application/vnd.google-apps.folder,
A000201,1nJ3kNLS1Xm97pXR0kE62LE5pu0uOlS8d,application/vnd.google-apps.folder,
A000200,15BIGc6cxysko0bA_YOs9d_DWILjua9hH,application/vnd.google-apps.folder,
A000199,1pypKQ2ifeBqxCXDeMjVx6lrMeA4SgA3D,application/vnd.google-apps.folder,
A000198,1EURT_79ig9e8OGZsA8AcWSh5Urx9cKTv,application/vnd.google-apps.folder,
A000197,143SYbJprgo8PPa-a-zbzjW4h1poUsyKH,application/vnd.google-apps.folder,
A000205,1PVEZQ8nEuiLsojvypVXUaw1CzfXiOEnt,application/vnd.google-apps.folder,
A000203,1x033q3vIo4V4LeAc_l2Zegj2IesARcYf,application/vnd.google-apps.folder,
A000202,1FTWXZdFZf4S04Cym1vp-iG05nVZNxLXJ,application/vnd.google-apps.folder,
A000209,113b7qEE9JRX_yyBHacUeclSOMHhuyq4z,application/vnd.google-apps.folder,
A000208,1t9VQWfLlG6z5rry0tjVEdC2Vi0wN6XZE,application/vnd.google-apps.folder,
A000207,1WAtB0T3DWKQ-0H34a3A-AN4-xNvnaMdu,application/vnd.google-apps.folder,
A000206,1wMe1lZCdOAYbvKsQ54UKtELGkArIEGsD,application/vnd.google-apps.folder,
A000214,1wdVu8ww6maYLwwMLwe47D9PQQCNE_4ZM,application/vnd.google-apps.folder,
A000213,1ORSu7Jwf8P-YekuKzVVv-yJaze07fylP,application/vnd.google-apps.folder,
A000212,1jf7_yEOLH5DopHbX-iN-acGDkwuM4jQR,application/vnd.google-apps.folder,
A000211,15Z7wq3dOn6mB1VbJPF4tWQ2_rDsGwXkd,application/vnd.google-apps.folder,
A000210,1v-YdLRfHClqBMc_zbxuBwtFdtlsRR7Pe,application/vnd.google-apps.folder,
A000218,12z5ZuDzWtVFTC31xkx0j6355-m5nZdc9,application/vnd.google-apps.folder,
A000217,1BL3xp6_hMZK9Z8rBUuX64z95AqhpZOk_,application/vnd.google-apps.folder,
A000215,1UihjqW_Ro79lNo_oHc3i-GmJRaT8YhM_,application/vnd.google-apps.folder,
A000226,1hcL9VTyfJR-4wjzQaglwwfCcz1V1mJCl,application/vnd.google-apps.folder,
A000225,18YVbw1q8JBSre8iUsKNKOmNB7y0-htV4,application/vnd.google-apps.folder,
A000223,1eJ8AbJG9fa4ZZtOIgZYTcNBxn-FL_6Ud,application/vnd.google-apps.folder,
A000222,1irpQK3HFb4EMbLmvsLD6xe_bYxvZrlx2,application/vnd.google-apps.folder,
A000221,15FQDMiPLspeJcV883Ifb4lNBb7MMmYiV,application/vnd.google-apps.folder,
A000230,1-66UaWZliBKShkiTUcZhRaOzQnr10Lw4,application/vnd.google-apps.folder,
A000229,1vB77loZ7sPfSRYAd_9zsCuwANYeiHkvW,application/vnd.google-apps.folder,
A000228,1M2ZDW00xGa52b5g0MMQXkkPDBljOmDOr,application/vnd.google-apps.folder,
A000227,1Dgnu-N1YUqK0mIohPFhNdIWe6CvsMfZh,application/vnd.google-apps.folder,
A000237,1iZQnqm_ob6Mh30OoCJu2bYZCT99npRQf,application/vnd.google-apps.folder,
A000235,11s51jOc0hYIsPHHW03rT9_ZMbnZ_M8Ls,application/vnd.google-apps.folder,
A000233,1y5rlgdXqkWZAxgUSQU4zDC3SliSaVr8s,application/vnd.google-apps.folder,
A000232,1UUavjNIkeaa5Op6k7sMJPXIPgpY99A_d,application/vnd.google-apps.folder,
A000244,18Glr3OC0tgTzFMtfdFyoOksDb3C4DAeO,application/vnd.google-apps.folder,
A000243,1dxrIdDuwIviIfKXhQtX6ZPgexZOPqEOZ,application/vnd.google-apps.folder,
A000242,1g5GK3dX3eebmPDYGYp04s0bYm7zERCUd,application/vnd.google-apps.folder,
A000241,1MLhThRjKiAuZNx2U1eTTzUJdmirGKjDL,application/vnd.google-apps.folder,
A000249,1XbP4OL8_H4297l-VmBBt-LG7bAZhkY5g,application/vnd.google-apps.folder,
A000248,1pbt0KmvZir-77cY2go9DdlA0_JF3Y9Ko,application/vnd.google-apps.folder,
A000247,1-cPhUJQ3KCDE-p0U7fNNFQs6Ybw9MwEK,application/vnd.google-apps.folder,
A000246,1vyajdMBsoGC-N35XjgXqjPOVaSk1qjbf,application/vnd.google-apps.folder,
A000245,13lfv-BXSnPiX-XDj51U3cB69Ekg2X_fe,application/vnd.google-apps.folder,
A000252,1lEjEdAGNEE6hXGmL0kYGsdrFFY1IXl9f,application/vnd.google-apps.folder,
A000251,1ItyxPvTj3nGB-c3Id6YLKLJBHXLIPwCE,application/vnd.google-apps.folder,
A000250,1aQMqIoVD7vUbFs7XGCJd-BOtLh63xAp-,application/vnd.google-apps.folder,
A000256,17BSaH6k6V2uvvsSpL6dBmDlMXt8nAME5,application/vnd.google-apps.folder,
A000255,19wIqmgpDFuQTzK2xsN39BtJPksfIfgDN,application/vnd.google-apps.folder,
A000254,1mSDj5QiZPYm9SPu8CkSwThTcFO8dx1nB,application/vnd.google-apps.folder,
A000253,1snhsb1fANZWuTRKjfB0a74Me2v5UOLB2,application/vnd.google-apps.folder,
A000259,1Ov7GZUGI4oMIevwyosRTDoXd3ijrynfr,application/vnd.google-apps.folder,
A000261,1R5RB26QnQBU2nmtIBvXHwQHwrK2zWgs-,application/vnd.google-apps.folder,
A000258,17jdQzFaNuCzSljOChQPQk9dAoSV4Ce8r,application/vnd.google-apps.folder,
A000257,1J6YEwzJG5DqjXTTWAYmByLqe480hisHP,application/vnd.google-apps.folder,
A000264,1TiWy3FWEW8wAs1gKKGMy16b3PdM3Y8cV,application/vnd.google-apps.folder,
A000263,1XqNDJUbDsDntDlW3iWEgtlmHj430V1T7,application/vnd.google-apps.folder,
A000262,1kpzwygbCmUNL9faaZw5VpCAvqM3AM34F,application/vnd.google-apps.folder,
A000268,1PzGIWyI-uqxeE_2HSa7sKlsBMlF-Pu8n,application/vnd.google-apps.folder,
A000267,1KdCuwoWwwuyFql-1Igc4Z8ihEuV11gpE,application/vnd.google-apps.folder,
A000266,1mpKabKBpIlTwbwpbYW189rVtMlfWrYQK,application/vnd.google-apps.folder,
A000265,1KQ-KksyfZZCvDh8xoZu8Ka21O0xEe6h3,application/vnd.google-apps.folder,
A000277,18pdeBM1WUOno8EJ594RRl39W95n6PvCK,application/vnd.google-apps.folder,
A000274,1cZBZ7r16raeqR86nxMDfMsXw42WHt6bv,application/vnd.google-apps.folder,
A000272,1D4r-2iHwfAAvFv2zrBgRFhx3FRp8ymh0,application/vnd.google-apps.folder,
A000271,1R5X0TztR1xVpPs0OEeFNKc4fQO_6HGIT,application/vnd.google-apps.folder,
A000282,1gt2Wklz0uJOecyJy2mZlWZ9EL7htVcbp,application/vnd.google-apps.folder,
A000279,1KUvBkQ-8GOJ8Eg2rF-rBbig2MwP8nnwP,application/vnd.google-apps.folder,
A000278,1wLMCaxVkXQk14VuZE9-twVdh9XtZ7E42,application/vnd.google-apps.folder,
A000287,1sKmu_e4ZDiy6DFiOgVUGLc61Oo0Svy-V,application/vnd.google-apps.folder,
A000285,1lGAl19noHfuz4C29HW4iin1VdCB4IASf,application/vnd.google-apps.folder,
A000284,1U0Ldn96ojHJHiV4Avn_9cUdxHkeacNHc,application/vnd.google-apps.folder,
A000283,1E1KgVXzGbDRYTQmw_BzzVFsYm_-J2Yjw,application/vnd.google-apps.folder,
A000294,1GGK3fPyqA0EOZjEI4fNt1zpIVDqtSSCd,application/vnd.google-apps.folder,
A000292,1OHhmzc3kIG0ww-ejNvGbbxeNn-rYAgLA,application/vnd.google-apps.folder,
A000291,1fX_6o-t7yq-pjjudVuhJyWd-UdIeNK1O,application/vnd.google-apps.folder,
A000288,1WEe9_66IDTngBBpOlEACC39l3agHhwBT,application/vnd.google-apps.folder,
A000297,194-8ANMJeCOeuCkIbkGa2DkJtEk2EXe6,application/vnd.google-apps.folder,
A000296,1qge0ldnbmB8fL1S9pwAgGr0lnS-zrrGL,application/vnd.google-apps.folder,
A000295,14rhOEpRRyc8LMey1vxTA_ND27N37tmxA,application/vnd.google-apps.folder,
A000301,1GKWrCqnyhBE26HJFBSziVrmN72uZLDaE,application/vnd.google-apps.folder,
A000300,1_7czPoATekMFgWjN-YAwADK-zafoavIa,application/vnd.google-apps.folder,
A000298,1lnRAuKtQV4ncoI3wBrHfU0DnV6UyxXIH,application/vnd.google-apps.folder,
A000305,1IL4S6j23dk5n03pwgIJc1qeLKYOgbq8i,application/vnd.google-apps.folder,
A000304,19nhMxftFAVYawCoguIfPV8DrfaNZyIEW,application/vnd.google-apps.folder,
A000303,1t1Cv50kL2AvWeZ7u5NtV0L9oFAUNOxb1,application/vnd.google-apps.folder,
A000302,1fCDWV5hCKIqo0gO4YJ8bNPB9GbzrHi7n,application/vnd.google-apps.folder,
A000310,1zsJxa_8HgZXNkiCQYU88WIqO3pnOx9Wu,application/vnd.google-apps.folder,
A000308,1eeLOaiK4aZt1YgfBpDboB3OGne5wpjix,application/vnd.google-apps.folder,
A000307,1FcbQ_2OeGSZEVyXR2AlHFKIelvO-B4CW,application/vnd.google-apps.folder,
A000306,1OvbEvakC6oz_IP9AswKXbAGITQSJi-kX,application/vnd.google-apps.folder,
A000314,1X283599vwNryjU60kt832OoVYa-YuttS,application/vnd.google-apps.folder,
A000312,1xtUW8eDcEdPjas1F-4a66JGkD3v36dJL,application/vnd.google-apps.folder,
A000311,1ZWe84DGZFTj21jBjXaL4YF8UvUTq8N2x,application/vnd.google-apps.folder,
A000320,1GGp9dYSFwclorJ82IOjbiYTB7eiMRDs8,application/vnd.google-apps.folder,
A000318,1MWwPy41MInm0LczFP77maPJgzqkUl9RZ,application/vnd.google-apps.folder,
A000317,1RmITdayT1v2pk5SBic4aud_nagoipVS3,application/vnd.google-apps.folder,
A000316,1i_zqH3rDdpl0s6R3RseAPOlguZVr7QHi,application/vnd.google-apps.folder,
A000324,1ym5m7pyupM9uZv7w2z2qxB8r6Ut-5tvU,application/vnd.google-apps.folder,
A000323,1my5aMu-8vNjwodcjiHVdLnax8Tbq9Ve_,application/vnd.google-apps.folder,
A000322,1Kdfzq7aMiv58meU6RUmcak1ZBh0hs2yQ,application/vnd.google-apps.folder,
A000321,1jf8ueEs6Xf63BohAVZpxECLdZB0R31Ha,application/vnd.google-apps.folder,
A000329,1u95QRsdwHoRkAa4WqznPiCsP_xye5j12,application/vnd.google-apps.folder,
A000330,1-SS5K358XKSJpZyH6WxixAvhvpTilqsT,application/vnd.google-apps.folder,
A000327,13PJBls1Ke8RY4AX4ZDdWhXsyEh7YNE87,application/vnd.google-apps.folder,
A000325,1VH3S9HideMlog3XYI93ZNLEoMwEecXzS,application/vnd.google-apps.folder,
A000336,14T8Ifqvlk42JIqB2gBNMBvGh_YLMdmD4,application/vnd.google-apps.folder,
A000337,1cQNwLerRpiX5h9sAztGKXrkNbgnsFlkq,application/vnd.google-apps.folder,
A000333,1MfWsFnq6YUzwBexhLzlOmh-G_Z4EQPqn,application/vnd.google-apps.folder,
A000331,1bJB-I8ctnwOgWWjRYW3980mlRxME1T1o,application/vnd.google-apps.folder,
A000346,1pRE2H2wkdOBU6R40BCJYR7xyIeB1SzAX,application/vnd.google-apps.folder,
A000345,1WgTOkGlTSAa9hH3pvf_1mWHwf-9Oq2af,application/vnd.google-apps.folder,
A000343,1QPKCHEd4SHFKTFKEpBTy9c5xCGNSYIaR,application/vnd.google-apps.folder,
A000341,1HaqjmnxJwcUuCGDUlOkIiYtTPuILaQXy,application/vnd.google-apps.folder,
A000349,1HKBQyK-LQkP3mqDXmSDehTC_MDaMs29s,application/vnd.google-apps.folder,
A000348,1ZXrUBUkJ0UIiimX1jMn8vl9lkQ4Okj4E,application/vnd.google-apps.folder,
A000347,1NYnAOsjm6b0zACNV7inaihFWDyGSPnY7,application/vnd.google-apps.folder,
A000356,1tNt_-aimHtmLGkkr38MxoorZDbUs9PIB,application/vnd.google-apps.folder,
A000355,17SImFANG9xXjNeQ-PFkn1lpKz6FyPISf,application/vnd.google-apps.folder,
A000353,1xnZZLSk5tvFra_-PinwY8d3gblyvaR1T,application/vnd.google-apps.folder,
A000351,1iYItBkAr5pLKGedvlmFEHUXgaTanSJ7J,application/vnd.google-apps.folder,
A000350,1rcTdEoqHv-iQb2fKHr66jRo_CtOljlu5,application/vnd.google-apps.folder,
A000362,1IhycEFH-wkHINyuZ55WOs1xIrfDLcm0a,application/vnd.google-apps.folder,
A000361,1MIWJvMZkb_SwJqQYS562dKCodKMSEs9v,application/vnd.google-apps.folder,
A000358,1jtd25sm5F6TWlpAz1ImqhrAn9aEIV-2Y,application/vnd.google-apps.folder,
A000357,15JzBn0g7QWJu6oZXtusT9ItJvUQE_erx,application/vnd.google-apps.folder,
A000365,1nj6p8sU-Ncl0YwoZHup3MZwUTZR9S4t3,application/vnd.google-apps.folder,
A000364,1EULc1up4l1e9y7x4Tv5L4Zg470mmyh59,application/vnd.google-apps.folder,
A000363,1MY_lzJyE1OYP0GvWbBKQQFqfq9f6oG_e,application/vnd.google-apps.folder,
A000369,1k-LXAGpFeuseaqUe6yCf-WbTnWJcAIBG,application/vnd.google-apps.folder,
A000368,15yrw22ECyWJzfRtW-aLnmpjsgDabAcm2,application/vnd.google-apps.folder,
A000367,1C3DLjn6LD7aTX2pcEa9n_1jGYJw3j5Z8,application/vnd.google-apps.folder,
A000366,1LYrWdghp60AlSEUrQ3-DFsNuUHsBcIi7,application/vnd.google-apps.folder,
A000374,1AOBXtE8_Q5QzneWxz9Zb8JL-eZ-S86y-,application/vnd.google-apps.folder,
A000373,1Ugi8P4geMmaMrukVI5yl9PI8I4Ze5417,application/vnd.google-apps.folder,
A000372,1S6ZmEiBes_xOkBJ5cbvUMEMTFj7HM98y,application/vnd.google-apps.folder,
A000371,1T3hkw8kaaYGO-mQWkqZTt0RL0uWFpQLT,application/vnd.google-apps.folder,
A000383,1n5iagxaF4yQDq55X_sjOy7mNqiU8Znvz,application/vnd.google-apps.folder,
A000380,1voQrVuAQfPFe5py_r0flhlV-faKmHYCE,application/vnd.google-apps.folder,
A000379,1Oy8rILD1lQv1_FsEz4hUrHFlb35X7maG,application/vnd.google-apps.folder,
A000377,1EFNHwyRVsRieJ4c7MLtTCETgzbRekmVA,application/vnd.google-apps.folder,
A000392,1kqWQxnOcxJgnfId9AOlv7wzp9j3RJaxN,application/vnd.google-apps.folder,
A000389,1emxUmCpDeGYCtwVlbt_bAwebc1Ych1u6,application/vnd.google-apps.folder,
A000388,157SG_mEsGLeKdXIo5Mt8oqJ8d9_oNVuk,application/vnd.google-apps.folder,
A000387,15tns_ftWbpYCoI936o-SjgFTk8K7iG9J,application/vnd.google-apps.folder,
A000384,15txLAgEc3wn2-8Mv4vL3Ah6I4YNwlYZg,application/vnd.google-apps.folder,
A000399,1AVWWIKR1UIO2Dz8eSPyNBN7uG_Hw1Mwy,application/vnd.google-apps.folder,
A000398,1NWVkwUrlu5BUWa6UchCHPQ41emVJZ81w,application/vnd.google-apps.folder,
A000394,1XhSPopa0_1iPNVoPNWEeF_DZ1F7DxtmL,application/vnd.google-apps.folder,
A000393,1hdDhdAdrErofob5Ykih77dQnq4EswJam,application/vnd.google-apps.folder,
A000407,1RfpCeLJvI39sz1TUcy6tqMPKijdaGkse,application/vnd.google-apps.folder,
A000406,1sh2O20P6CmckpGZEzBWUv-7dJR9ffZTN,application/vnd.google-apps.folder,
A000403,1IrIjHD7hqYqur7FRub4FCF1J50UwUJ-c,application/vnd.google-apps.folder,
A000401,10RYFbuwoUu-gAxX1LzH_k8yuhs86fJ39,application/vnd.google-apps.folder,
A000415,1_9p1PGK4ikmuWE-O554bLjWNmaQLrQ3S,application/vnd.google-apps.folder,
A000414,1M39nSEthvAKlWuuRz3XSx4ZdE_hWo-M1,application/vnd.google-apps.folder,
A000413,1XujWz0XennzzdmtT6zJ1EJJ6UDwicCdk,application/vnd.google-apps.folder,
A000411,1BLwDdeYK7SgodVf76sfMCHg5wsBN1UFP,application/vnd.google-apps.folder,
A000409,1bBJnIYjZ-E8DUeFiebV8a_RbvGdcgMen,application/vnd.google-apps.folder,
A000408,16eObL26wH9VudIg2YjJF3d-r4jIJ5-WL,application/vnd.google-apps.folder,
A000422,1nbhDueNzFK9508pbkP5QRXJGycslhJUW,application/vnd.google-apps.folder,
A000421,1FrT5vbGCFEDutmY9CHkoyc-5ZVO7fDcz,application/vnd.google-apps.folder,
A000418,19mafHklOD9nUVLq0sbCXVNlYH8KIen3L,application/vnd.google-apps.folder,
A000417,1TEvqGwKpEuIKgfrAqX7OnWfCcjrQmYS5,application/vnd.google-apps.folder,
A000416,1oGQzJGn0xB2xQtXffEDM-mqPNnJz0bzQ,application/vnd.google-apps.folder,
A000437,1BVno_aBjDBRZ4AvdZVSlJZdgqTK__NIw,application/vnd.google-apps.folder,
A000432,1c8GhXNKSJGggBcj1JmSN6Iz_mvWOODYM,application/vnd.google-apps.folder,
A000430,1wQROp_yQuz3uTKgdr38BJHeT970jvFT0,application/vnd.google-apps.folder,
A000428,1o1l_1sahXj3nA6jUb3p4zqMUnJHssuZn,application/vnd.google-apps.folder,
A000425,1vdizOtDhjb3cW_MdZ1jIQ-bYgT6rig4F,application/vnd.google-apps.folder,
A000424,15XLQiDn8HnnzG0X0NU_3-ausrrz2Wl0Q,application/vnd.google-apps.folder,
A000446,1j_Agti1cYxnYRSPjyphQ901GvvDQntX9,application/vnd.google-apps.folder,
A000442,1yU991R3SBev_0WcBJFSgFfai0kmhPU81,application/vnd.google-apps.folder,
A000440,1WmKCgyNFgtROYcl6AtMws2fujKleF8ld,application/vnd.google-apps.folder,
A000439,1Khs6c8d5harsF56PtqAdL6CjgGQQParz,application/vnd.google-apps.folder,
A000438,1--2Zs0pkXhooL7ymNZdN0yQeTK47OeAN,application/vnd.google-apps.folder,
A000450,1ddkt2wkpEYslZhnHYMprDOEEup3g0hs9,application/vnd.google-apps.folder,
A000449,1BNJRm5CVaAKW24GOwu7iosMGrabtBFRC,application/vnd.google-apps.folder,
A000448,1UutWgYCgal5LaNk8khUWSqT0BqqSS0wa,application/vnd.google-apps.folder,
A000447,1mbqTI5zBDjeS1v6GwQjjlnVLKWHyej0a,application/vnd.google-apps.folder,
A000459,1JiHARRWUunU_jvRMChr8m_urMiDkj31y,application/vnd.google-apps.folder,
A000457,1FMexc1HR598sxaaapU26nEFfP6C7shXb,application/vnd.google-apps.folder,
A000456,1h2RAEW4vv_X_3XAmibKbj7LoNFadOFRi,application/vnd.google-apps.folder,
A000454,1sdyFz31IFLSnNRLY3cQYRrgvpknIJzeA,application/vnd.google-apps.folder,
A000466,1ASQdNWxOhyZZPAjh56WcD4v8V5qifR1O,application/vnd.google-apps.folder,
A000465,1NNVzhanr_f0jkyppCLUe4MgGV6q69L8R,application/vnd.google-apps.folder,
A000463,1L0XD5mpvbDznPDgtFQDla2nAcRQap9vt,application/vnd.google-apps.folder,
A000462,1mSZ9rkBXwAqJPBsYpxQ_ugT6Ko9bcrFT,application/vnd.google-apps.folder,
A000461,1WEeUxNsgVALsIl9U-A720QX8esJCdGwY,application/vnd.google-apps.folder,
A000469,1F81pf0wxt3IimDDqnq6yT0l75UzoAABB,application/vnd.google-apps.folder,
A000468,1QC39IkusWFpnQ5AJhNOLxZrmXXEQroGE,application/vnd.google-apps.folder,
A000082,14V1H-aVO6FLONTw7XOE9GDNWIFSSmikY,application/vnd.google-apps.folder,
A000131,1p78GVmLdvS5jhoh1O_gWLkw9HzBG1aVt,application/vnd.google-apps.folder,
A000067,1HC2LH6YsAArKohCV4RfSHH3NoDj2At3t,application/vnd.google-apps.folder,
A000058,1xo4hRlJT0srnt6Rt6cT86SW3oAn2EX8D,application/vnd.google-apps.folder,
A000098,1u4okeyN1sZMRv6KqinrpWF68NrgBiexr,application/vnd.google-apps.folder,
A000085,1PRQFIqWq3N1GuMh-tE_MmXLhA78x0Ct9,application/vnd.google-apps.folder,
A000125,1Woij9M0JeaYB94IR4BnFNy3QRDtfTbEn,application/vnd.google-apps.folder,
A000047,1pPO5Q8MjWkTQa92KXzspOw1PJkqko4X1,application/vnd.google-apps.folder,
A000003,193r7Vcp6FX1HsTZIPB1C6TKMlcTfnCty,application/vnd.google-apps.folder,
A000061,1ORpIUZ5gseBk54RkGWHfiyuukxwMXaF2,application/vnd.google-apps.folder,
A000087,13PRG6oRu7W97u_27msasB2KepLcKm4py,application/vnd.google-apps.folder,
A000054,1I65axqLZfJF_KcFRkyBz-CNqu9gw8SgH,application/vnd.google-apps.folder,
A000090,1R3on_MYiYcbtzP2ERvgX-rCVEP2UvVfn,application/vnd.google-apps.folder,
A000114,1yR4-KeLwGkFi14kBKmXL07iDpHJG-mOj,application/vnd.google-apps.folder,
A000127,1ejZyNtH8k8_RhrCe01naXS9sUcQClei7,application/vnd.google-apps.folder,
A000076,1wiKuc6J67svFabJpPIUBiB0yhopfVvRP,application/vnd.google-apps.folder,
A000119,1NAl6pB6q9gqqKSC3zFDI7nXEfJJ4hhe_,application/vnd.google-apps.folder,
A000100,12qSAuUCQsj7ySxia_rRAJMouOYg-4Mp7,application/vnd.google-apps.folder,
A000062,1UXfoSXpPAN-aB5o2FF8zhz7iL6DaAmcv,application/vnd.google-apps.folder,
A000055,1SU66hB1h-MEqICip-pvobj8M4Xs2wVOt,application/vnd.google-apps.folder,
A000129,10oXkwlnWOTxaGDLWjbb9XnDZ3BAL1hId,application/vnd.google-apps.folder,
A000142,17Cw2OqEsx6PCjX-w6rAfwfEU-2uN_mZh,application/vnd.google-apps.folder,
A000057,1aHbujvOVAqhhScEnDNnWmWbBH3H9Ra45,application/vnd.google-apps.folder,
A000007,1d4JJuobUZze4NshMrlSRmoqmm9Y5Mfn_,application/vnd.google-apps.folder,
A000092,1RUMP2JPOyOmtjEBHPvMBgNJDptsqCnf6,application/vnd.google-apps.folder,
A000069,1EHWa54kvqXVkpZcJXsUXghN9VmcHmuhy,application/vnd.google-apps.folder,
A000103,15vWNskCpko4kg_096CWT_6F8k2qHpVmV,application/vnd.google-apps.folder,
A000068,1k48aXYDVYu1X2AjpeJbyKBmHzMtUK-Xr,application/vnd.google-apps.folder,
A000091,1vTb1c1JEQCWJFZyj45OOyYoRT3RDG54n,application/vnd.google-apps.folder,
A000107,1dDnyDOjoWqlVQaPTFRatP72gCK9yVLex,application/vnd.google-apps.folder,
A000084,1FjUfXs3sJE-EDaR6erz52jdOtFIIv-qd,application/vnd.google-apps.folder,
A000094,1TG41HyLDYrz-Fl3Bp60zKy-aHMes3DpR,application/vnd.google-apps.folder,
A000086,1Pqvt3xeRhXDwqq9tSsXkRGWVmJ8_C4Vp,application/vnd.google-apps.folder,
A000078,1GsbW4GNJ56S1oW6ODzT2gP_5tUpGXsIG,application/vnd.google-apps.folder,
A000110,13lEF7dYriyc3ipKT0Vv4Zl_8S07zgLjR,application/vnd.google-apps.folder,
A000137,1cV97NYhM4_CkNkgR0M1B8W7iF9uRoO8V,application/vnd.google-apps.folder,
A000059,1vHMEg7Wt4YNH7G454tCSBsA4rYLaTZu_,application/vnd.google-apps.folder,
A000097,1xtYquw-sQy1C4GwXFaPpo5YBPiSyZPMA,application/vnd.google-apps.folder,
A000070,1I8w81SRwXuPildpdeNckIAaS_DkB1GjD,application/vnd.google-apps.folder,
A000124,1wZmb0BGCvQn3jp_K6bh3VjiQdsGiA7oE,application/vnd.google-apps.folder,
A000013,1oRWAe_DUysWgjEfwbOKTG2CNdhtl_zzE,application/vnd.google-apps.folder,
A000113,1sj86F3ucODyG_4wQRuE8STIXpqtGfL98,application/vnd.google-apps.folder,
A000072,1FqBaS5JlWcImRmp6dd1yK0W8ANBJklNe,application/vnd.google-apps.folder,
A000146,104lLN_wy6H52_K0K61QRcgjwG2h94KNk,application/vnd.google-apps.folder,
A000083,1lB-2jum6gulmJKJWQiz50G6dOT_SVTA4,application/vnd.google-apps.folder,
A000147,11psNgsEFqQGq-em_cMKXzr6z-6XnVlnu,application/vnd.google-apps.folder,
A000081,1tDEGE2b49-gohZnMc_aSTFTeFUF44npu,application/vnd.google-apps.folder,
A000132,1Kf7MyrnBQ-gSL2bIQ3zb1qAcLeNwMUuI,application/vnd.google-apps.folder,
A000138,19J1KBUm7cw2l_lCKo9Axye6EeQihWITA,application/vnd.google-apps.folder,
A000099,1PeETPZEiLcdAax_xc_VE7lAQT8hFYCk9,application/vnd.google-apps.folder,
A000064,1omIWv6TJkcOS8z98XEazaCh7uUVjb6yb,application/vnd.google-apps.folder,
A000105,1fIrdjy0YwinhflWi8dXqEYKbx2M4U2kN,application/vnd.google-apps.folder,
A000101,1cPxtbbnS8U1WOalMZHP5vZEEnJZm5xG2,application/vnd.google-apps.folder,
A000106,1XHIgA9fP29VsNgoNKDuxnN0vw3_4LNZl,application/vnd.google-apps.folder,
A000133,16ij1i5xAeeun_gravn0qzgJisgmMAAcE,application/vnd.google-apps.folder,
A000004,152DSw98RQMgDIhnnfMmDt2l0jzj3t9kB,application/vnd.google-apps.folder,
A000079,1Y7gJZYePG3sKmdA1GRny691bNndCGWqb,application/vnd.google-apps.folder,
A000065,1KgB4JcI7eTh4w_LPGDFENgI5Et4VANK9,application/vnd.google-apps.folder,
A000063,1-z0W_0w89Ls6esEUA4wibf4GFKjaeoJH,application/vnd.google-apps.folder,
A000112,1C6J4BUduEjQUYfvSCqZnPjro2PIXjLq8,application/vnd.google-apps.folder,
A000140,1ZAkNrw2umSLVvjk42EH7qq1pf_p121Fc,application/vnd.google-apps.folder,
