phraseId,phrase
24279070,ಮುಂಬೈ ಎಫ್‌ಸಿಯ ಮುಂದಿನ ಪಂದ್ಯ ಯಾವಾಗ ಎಂದು ನೀವು ನನಗೆ ಹೇಳಬಲ್ಲಿರಾ?
23578942,ಇದರಿಂದಲೇ ಪ್ರತಿ ತಿಂಗಳು ಗರ್ಭಾಶಯವು ಮೊಟ್ಟೆಯೊಂದಿಗೆ ಈ ಪದರವನ್ನು ಹೊರಗೆ ಬಿಡುವುದು
23442442,ಗೀತಾ ಕನ್ನಡ ಭಾಷೆಯಲ್ಲಿನ ಭಾರತೀಯ ದೈನಂದಿನ ಧಾರಾವಾಹಿಯಾಗಿದೆ
23443468,ಬುದ್ಧಿವಂತಿಕೆಯು ವಯಸ್ಸಿನ ಜೊತೆಗೆ ಬೆಳೆಯುತ್ತ ಹೋಗುತ್ತದೆ ಎಂಬ ಜನಪ್ರಿಯ ಅಭಿಪ್ರಾಯಕ್ಕೆ ಇದು ವಿರುದ್ಧವಾಗಿ ನಿಲ್ಲುತ್ತದೆ
24051720,ಏಕೆಂದರೆ ಇತರ ಕಂಪನಿಗಳು ತಾರತಮ್ಯವನ್ನು ಪ್ರಚೋದಿಸುತ್ತವೆ ಮತ್ತು ಆ ಕಂಪನಿಯನ್ನು ಬೇರ್ಪಡಿಸುತ್ತವೆ
23633778,ನನಗೆ ಬೆಳಗಾವಿಯಲ್ಲಿರುವ ರಾಯಭಾರ ಕಚೇರಿಗಳನ್ನು ತೋರಿಸಿ.
23464458,ಆಸ್ಟ್ರೇಲಿಯಾದ ಬಲಗೈ ಆಫ್ ಬ್ರೇಕ್ ಬೌಲರ್ ಹಾಗೂ ಕೆಳ ಕ್ರಮಾಂಕದ ಬಲಗೈ ಬ್ಯಾಟ್ಸ್ಮನ್
24253410,ಎ ಯಿಂದ ಪ್ರಾಣಿಶಾಸ್ತ್ರದಲ್ಲಿ ಡಾಕ್ಟರೇಟ್ ಪದವಿಯನ್ನು ಪಡೆದರು
23522484,ಇಂದು ಇದು ದ್ವೀಪಗಳಲ್ಲಿನ ಅತಿ ಹಳೆಯ ಪರಿಸರ ಸಂರಕ್ಷಣಾ ಸಂಸ್ಥೆ
23638902,ಪ್ರಯಾಣಿಕರ ಸೀಟಿನ ಉಳಿಸಲಾದ ಸ್ಥಾನವನ್ನು ಲೋಡ್ ಮಾಡಿ
23522842,ಹಳೆಯ ಬನಶಂಕರಿ ದೇವಾಲಯದ ಗರ್ಭ ಗೃಹವು ಮಣ್ಣಿನಲ್ಲಿ ಹೂತು ಹೋಗಿದೆ
23481224,ಈ ಸಾಹಸಿ ಮಗಳ ಪರವಾಗಿ ತಾಯಿ ಪ್ರಶಸ್ತಿ ಸ್ವೀಕರಿಸಿದರು
23440656,ಪುನಃ ಆಲ್ಬಕರ್ಕ್ ಸ್ವಲ್ಪ ಕಾಲದಲ್ಲೇ ಗೋವವನ್ನು ವಶಪಡಿಸಿಕೊಂಡು ಪೋರ್ಚುಗೀಸರ ಆಡಳಿತವನ್ನು ಸ್ಥಾಪಿಸಿದ
23489492,ಹಿಂದಿಯಲ್ಲಿ ಆಚಾರ್ ಪದದ ಅರ್ಥ ಉಪ್ಪಿನಕಾಯಿ ಎಂದೂ ಆಗಿದೆ
24279420,ವಿಧಾನ ಸೌಧವನ್ನು ತೋರಿಸಿ.
23381498,ಇದು ನೀರಾವರಿ ಇಲಾಖೆಗೆ ಸೇರಿದ್ದು ಪ್ರವಾಸಿಗರಿಗೆ ಉಳಿದುಕೊಳ್ಳಲು ವಸತಿ ಸೌಕರ್ಯವಿದೆ
23416238,ಅನೇಕ ಕೋಟೆಗಳು ಇನ್ನೂ ಅವರ ವಶದಲ್ಲೇ ಇದ್ದುವು
24044056,ಈ ಬಸದಿಯನ್ನು ಎರ್ಮಾಳು ಬೀಡಿನ ಪೂರ್ವಿಕರು ಸುಮಾರು ೭೦೦ ವರ್ಷಗಳ ಹಿಂದೆ ನಿರ್ಮಿಸಿದರು ಎಂದು ಹೇಳುತ್ತಾರೆ
23481356,ಕೇರಳದ ಸಂಗೀತ ಕೌಶಲ ಒಂದು ನಿಶ್ಚಿತವಾದ ಶೈಲಿಯಲ್ಲಿ ಬೆಳೆದುಕೊಂಡು ಬಂದಿದೆ
23655266,ಹುಬ್ಬಳ್ಳಿಯ ಹತ್ತಿರದ ಕಾರು ಬಾಡಿಗೆ ಸೇವೆಗಳನ್ನು ಹುಡುಕಿ.
23340080,ಈ ಸಸ್ಯದ ಹೂವುಗಳು ಐದು ದಳಗಳನ್ನು ಹೊಂದಿರುತ್ತದೆ
23382228,ಈ ಸದಸ್ಯರನ್ನು ರಾಜ್ಯ ವಿಧಾನ ಮಂಡಲಕ್ಕೆ ಆಯ್ಕೆ ಮಾಡಲಾಗುತ್ತದೆ
23549542,ಅದಕ್ಕೂ ಮೊದಲೇ ಅವರು ಲಷ್ಕರಿ ಶಾಸನದ ಮುಖ್ಯ ಆಡಳಿತಗಾರರೂ ಸೇನಾ ಮಹಾ ದಂಡನಾಯಕರೂ ಆಗಿದ್ದರು
23349174,ಈ ಮಿತಿ ಮತ್ತು ವ್ಯತ್ಯಾಸಗಳನ್ನು ಮೀರಿಸಲು ಪ್ರಾಯೋಗಿಕ ಬಳಕೆಯಲ್ಲಿ ಹಲವಾರು ನಿರ್ವಹಣಾ ಚಾತುರ್ಯಗಳನ್ನು ಬಳಸಲಾಗುತ್ತದೆ
23367862,ಇಂತಹ ಬೋನ್ಸಾಯ್ ಗಿಡಗಳ ಬಗೆಗಿನ ಅಚ್ಚರಿಯ ಸಂಗತಿಯೆಂದರೆ ಇವು ಒಂದು ಶತಮಾನ ಅಥವಾ ಅದಕ್ಕಿಂತ ಹೆಚ್ಚು ವರ್ಷಗಳ ಕಾಲ ಬದುಕಬಲ್ಲವು
23405874,ಭಾರತೀಯ ಮಾನವು ಮಾಡ್ಯುಲರ್ ಇಟ್ಟಿಗೆಗಳನ್ನು ಬಳಸಲು ನಿರ್ದೇಶಿಸಿದೆ
24174022,ಜನರಲ್ ಮೋಟರ್ಸ್ ೧೯೦೮ರಲ್ಲಿ ಸ್ಥಾಪನೆಗೊಂಡ ಒಂದು ಮೋಟಾರು ವಾಹನ ತಯಾರಿಸುವ ಕಂಪನಿ
23529994,ಬಯಲು ಸೀಮೆಯಲ್ಲಿ ಇದು ಛತ್ರಿಯಾಕಾರದ ಮರವಾಗಿ ಬೆಳೆಯುತ್ತದೆ
23546424,ಒಳಗಿನ ಪ್ರಾರ್ಥನಾ ಮಂಟಪದಲ್ಲಿ ನಾಲ್ಕು ಕಂಬಗಳಿರುವ ಮಂಟಪ ಇಲ್ಲ
23485518,ಆ ಸಮಯದಲ್ಲಿ ಪುರಾತನ ಸಿಂಧೂ ನದಿಯ ಹಿಂದಿನ ಹರಿವಿನ ಅಸ್ತಿತ್ವವನ್ನು ಸೂಚಿಸುವ ಕುರುಹು ಕಾಣುವುದು
23437004,ವೈಕುಂಠದ ಅಧಿಪತಿಯಾದ ಮಹಾವಿಷ್ಣುವು ದುಷ್ಟಶಕ್ತಿಗಳನ್ನು ಸಂಹರಿಸಲು ರಾಮನ ಅವತಾರ ಎತ್ತಿದ ಯುಗವೆಂದು ಹೇಳಲಾಗುತ್ತದೆ
23542686,ದಫ್ತರ್ ಗಳಲ್ಲಿ ಅದರ ಬಗ್ಗೆ ದಿನವೆಲ್ಲಾ ಚರ್ಚೆ ನಡೆಯುತ್ತಿರುತ್ತದೆ
23438796,ಹಾಡುಗಾರರು ತಮಗೆ ಸುಂದರವಾಗಿ ಕಾಣುವ ಇಷ್ಟವಾದ ಉಡುಗೆ ತೊಡುಗೆಗಳನ್ನು ಧರಿಸುತ್ತಾರೆ
23533916,ದ್ವೀಪಕ್ಕೆ ಭೇಟಿ ನೀಡುವ ಯುರೊಪ್ ದೇಶದ ಎಲ್ಲರೊಂದಿಗೆ ಸೇರಿ ಗುರ್ನಸಿ ಪ್ರತಿವರ್ಷ ಕ್ರೀಡೆಗಳನ್ನು ಆಯೋಜಿಸುತ್ತದೆ
23374560,ಆದರೆ ಈ ನಿಯಮವನ್ನು ಸಂಪೂರ್ಣವಾಗಿ ಸೋಲಿಸುವುದರಲ್ಲಿ ಇದುವರೆಗೂ ಅಸಮರ್ಥನಾಗಿದ್ದಾನೆ
24219536,ಕಾಡಿನಲ್ಲಿ ಪ್ರತಿಯೊಂದು ಪ್ರಾಣಿಯನ್ನು ಹಿಡಿಯುವ ಪ್ರಕ್ರಿಯೆಯಲ್ಲಿ ಅನೇಕ ಇತರ ಪ್ರಾಣಿಗಳನ್ನು ಕೂಡ ಕೊಲ್ಲಲಾಗುತ್ತದೆ
23426410,ಜ್ವಾಲೆಯ ಮರ ಎಂದು ಕರೆಯಲ್ಪಡುವ ಹಲವಾರು ವೃಕ್ಷಗಳಲ್ಲಿ ಇದೂ ಒಂದಾಗಿದೆ
23515992,ಲೂಟಿ ಮಾಡುವವರು ಪುರಾತತ್ತ್ವ ಶಾಸ್ತ್ರದ ಪ್ರದೇಶಗಳನ್ನು ನಾಶ ಮಾಡುತ್ತಾರೆ
23441358,ಹೆಚ್ಚು ಜನಪ್ರಿಯವಾಗಿ ದಾಬೋಲಿಮ್ ನಿಲ್ದಾಣವೆಂದು ಕರೆಯಲ್ಪಡುವ ಈ ವಿಮಾನ ನಿಲ್ದಾಣವು ಗೋವಾದ ದಾಬೋಲಿಮ್ ಎಂಬ ಪ್ರದೇಶದಲ್ಲಿ ನೆಲೆಸಿದೆ
23402030,ನವೀ ಮುಂಬಯಿ ಜಗತ್ತಿನ ದೊಡ್ಡ ಯೋಜನಾಬದ್ಧ ನಗರವಾಗಿದೆ
23387958,ಸೇ ಹಲವಾರು ಆರ್ಥಿಕ ಅಭಿಪ್ರಾಯಗಳನ್ನು ಅಭಿವೃದ್ದಿ ಪಡಿಸಿದ್ದಾನೆ
23424864,ಭೂತನಾಳ ಕೆರೆಯು ಕರ್ನಾಟಕ ರಾಜ್ಯದ ವಿಜಯಪುರ ಜಿಲ್ಲೆಯ ವಿಜಯಪುರ ತಾಲ್ಲೂಕಿನಲ್ಲಿದೆ
23485050,ವಿವಿಧ ರೀತಿಯ ಸಂಬಂಧಿತ ಸೇವೆಗಳನ್ನು ಒದಗಿಸಲು ಸಾಂಪ್ರದಾಯಿಕ ನಿರ್ವಹಣಾ ಲೆಕ್ಕಪತ್ರ ಲೋಕದ ಆಚೆಗಿರುವ ತಮ್ಮ ವೃತ್ತಿಯನ್ನು ವಿಸ್ತರಿಸುತ್ತವೆ
23377676,ಪ್ರಾಚೀನ ಕಾಲದಿಂದಲೂ ಶ್ರೀಶೈಲ ಯಾತ್ರೆಯು ಮೋಕ್ಷದಾಯಕವೆಂದು ಭಕ್ತರ ನಂಬಿಕೆ
23632840,ನನಗೆ ಎಂಜಿ ರೋಡ್‌ನಲ್ಲಿ ಶಾಪಿಂಗ್ ಮಾಲ್‌ಗಳನ್ನು ಹುಡುಕಲು ಸಹಾಯ ಮಾಡಿ.
23343590,ಹೆಚ್ಚಿನ ಅವಮಾನವನ್ನು ಸಹಿಸಲಾಗದೆ ಸತಿಯು ಯಜ್ಞದ ಬೆಂಕಿಗೆ ಹಾರಿ ತನ್ನ ಪ್ರಾಣವನ್ನು ತೆಗೆದುಕೊಂಡಳು
23506914,ನಂತರ ಅದರಿಂದ ನೇಯಲು ಅಥವಾ ಹೆಣೆಯಲು ಬೇಕಾಗುವ ನೂಲನ್ನು ತೆಗೆಯಲಾಗುತ್ತದೆ
23580550,ಮೂರು ವರ್ಷದ ಮಗುವಿನಲ್ಲಿ ಈ ರೀತಿಯ ಬೆಳವಣಿಗೆಯಾಗುತ್ತದೆ
23587390,ಈ ಪ್ರದೇಶದಲ್ಲಿ ಚರ್ಚುಗಳನ್ನು ಹುಡುಕಿ.
23634346,ನನಗೆ ಹಿಂದಿನ ವರ್ಷದ ಯುಗಾದಿ ದಿನಾಂಕವನ್ನು ಹೇಳಿ.
23386966,ಅವರ ಸಹಾಯದಿಂದ ಭರಣಿ ಸಣ್ಣ ಸಂಭಾಷಣೆಗಳನ್ನು ಮತ್ತು ದೃಶ್ಯ ದೃಶ್ಯಗಳನ್ನು ಬರೆಯಲು ಪ್ರಾರಂಭಿಸಿದರು
23546260,ಪ್ರತಿಯೊಂದು ಹೆಜ್ಜೆ ಮತ್ತು ಚಲನೆಯು ವಿಶಿಷ್ಟವಾದ ಯುದ್ಧ ತಂತ್ರಗಳನ್ನು ಸ್ಪಷ್ಟವಾಗಿ ಚಿತ್ರಿಸುತ್ತದೆ
23513752,ಚಿತ್ರದಲ್ಲಿ ಚಿರಂಜೀವಿ ಸರ್ಜಾ ಮತ್ತು ರಾಗಿಣಿ ದ್ವಿವೇದಿ ಮುಖ್ಯ ಭೂಮಿಕೆಯಲ್ಲಿದ್ದಾರೆ
23490022,ಮಾನಸಿಕ ಅಸ್ವಸ್ಥತೆಯನ್ನು ವಿವಿಧ ಬಗೆಯ ದೃಷ್ಟಿಕೋನಗಳಿಂದ ನೋಡಬಹುದಾಗಿದೆ
23637844,ಪ್ಯಾಸೆಂಜರ್ ಸೈಡ್ ಹಿಂಬದಿಯ ಸೀಟಿನ ಸೊಂಟದ ಆಧಾರವನ್ನು ಹೆಚ್ಚಿಸಿ
23564282,ಪ್ರಾಚೀನ ಶಿಲಾಯುಗದ ಅವಶೇಷಗಳ ಶೋಧನೆಯ ಕಾರ್ಯದಲ್ಲಿ ತೊಡಗಿಸಿಕೊಂಡರು
23358166,ರಾಷ್ಟ್ರೀಯ ಕಾನೂನು ರಚನೆಯ ಮೂಲಕ ತೀವ್ರ ಪ್ರಮಾಣದಲ್ಲಿ ಜೈವಿಕ ಸಂರಕ್ಷಣೆಯನ್ನು ಮಾಡಿದ ಮೊದಲ ರಾಷ್ಟ್ರವೆಂದರೆ ಅಮೆರಿಕ ಸಂಯುಕ್ತ ಸಂಸ್ಥಾನ
24041032,ಸೂರ್ಯ ದೇವರು ಎಲ್ಲಾ ಜೀವಿಗಳ ಆತ್ಮ ಮತ್ತು ಮೂಲವೆಂದು ಗುರುತಿಸುತ್ತದೆ
23376246,ತನ್ನ ಚಾರಿತ್ರ್ಯವನ್ನು ಸೀತೆ ಮಾಯಾಮೃಗ ಪ್ರಸಂಗದಲ್ಲಿ ಶಂಕಿಸಿದ ನಂತರ ಲಕ್ಷ್ಮಣ ಜೀವನಪರ್ಯಂತ ಅವಳೊಡನೆ ಮಾತು ಬಿಡುತ್ತಾನೆ
23435980,ಅದು ಹೆಚ್ಚಾಗಿ ಧಾರ್ಮಿಕ ವಿಷಯಗಳನ್ನು ಬೋಧಿಸುವ ಶಾಲೆ
23338736,ಈ ಪ್ರದೇಶದಲ್ಲಿ ರಾಕ್ಷಸನನ್ನು ದೇವಿ ಕೊಂದಿದ್ದರಿಂದ ಮೈಸೂರು ಎಂಬ ಹೆಸರು ಬಂದಿದೆ
24279650,ಶ್ರುತಿಯವರ ಆಫೀಸ್ ನಂಬರಿಗೆ ಸಂದೇಶ ಕಳಿಸಬಹುದೇ
24197560,೧೮೭೦ ರಲ್ಲಿ ಬೊಹ್ರಾ ಪುರೋಹಿತರ ವಿರುದ್ಧ ಮಾಡಿದ ಸುಧಾರಣಾ ಆಂದೋಳನದ ಹಿನ್ನೆಲೆಯಲ್ಲಿ ಬೊಹ್ರಾ ಧರ್ಮದಿಂದ ಅವರನ್ನು ಹೊರಗೆ ಹಾಕಲಾಗಿತ್ತು
23560856,ಕಪ್ಪು ಇಲಿಯು ಕಪ್ಪು ಬಣ್ಣದಿಂದ ತಿಳಿ ಕಂದು ಬಣ್ಣದಲ್ಲಿ ಕೆಳಭಾಗವನ್ನು ಹೊಂದಿರುತ್ತದೆ
23480032,ಇದು ಒಂದು ಅತಿ ತೀವ್ರವಾದ ಮತ್ತು ಹೆಚ್ಚು ಸಾಮಾನ್ಯವಾಗಿ ಕಾಣಿಸಿಕೊಳ್ಳುವ ರೋಗ
23378102,ಕೈಗಾರಿಕಾ ಸಹಕಾರ ಸಂಘಗಳು ನಿಯಂತ್ರಿತ ಮಾರುಕಟ್ಟೆ ಮತ್ತು ವಾಣಿಜ್ಯ ಬ್ಯಾಂಕುಗಳಿವೆ
23486124,ಅಂಕೀಯ ನೀರುಗುರುತು ಮಾಡುವಿಕೆಯ ಕೌಶಲಗಳನ್ನು ಹಲವಾರು ವಿಧದಲ್ಲಿ ವರ್ಗೀಕರಿಸಬಹುದು
23435778,ಅವರು ಕೆಲವು ಕಾಲ ಕಾಂಗ್ರೆಸ್ ಸರ್ಕಾರದ ಎರಡನೇ ಅವಧಿಯಲ್ಲಿ ರಸ್ತೆ ಮತ್ತು ಕಟ್ಟಡಗಳ ಸಚಿವರಾಗಿದ್ದರು
23381928,ರಾಜ್ಯಸಭೆಯಲ್ಲಿ ಪರಿಣಾಮಕಾರಿ ಬಹುಮತದಿಂದ ಅಂಗೀಕರಿಸಲ್ಪಟ್ಟ ನಿರ್ಣಯದ ಮೂಲಕ ಅವುಗಳನ್ನು ತೆಗೆದುಹಾಕಬಹುದು
23498930,ಅವುಗಳ ವೇಗವು ತಾಪಮಾನದ ಮೇಲೆ ಸಾಕಷ್ಟು ಅವಲಂಬಿತವಾಗಿರುತ್ತದೆ
23329306,ಈ ಕ್ಯಾಲೆಂಡರ್ ಅನ್ನು ಜೈಪುರದ ವಿಶ್ವ ಹಿಂದೂ ಪರಿಷತ್ತಿನ ಪ್ರಾಂತದ ಪೋಷಕರಿಂದ ಸಿದ್ಧಪಡಿಸಲಾಗಿದೆ
23330356,ಕರಿಯ ಮತದಾರರ ಹೆಸರನ್ನು ಮತದಾರರ ಪಟ್ಟಿಗಳಿಂದ ಬಲವಂತವಾಗಿ ತೆಗೆದುಹಾಕಲಾಯಿತು
24274484,Amaresh ಅವರ ಕಚೇರಿಗೆ ಕರೆ ಮಾಡಬಹುದೇ?
23590322,ಎಲ್ಲಾ ಬಲ ಸೀಟುಗಳನ್ನು ಕೆಳಕ್ಕೆ ಸರಿಸಿ
23448884,ಈ ತ್ರಿಪಕ್ಷ ದೋಷಗಳನ್ನು ನಿವಾರಿಸುವ ಹಾಗೂ ಕಾರ್ಮಿಕರ ಸ್ಥಾನಮಾನಗಳನ್ನು ಕಾಪಾಡುವುದರ ಅಗತ್ಯವನ್ನು ಜಗತ್ತು ಕಂಡುಕೊಂಡದ್ದು ನೂರೈವತ್ತು ವರ್ಷಗಳ ಹಿಂದೆಯೇ
23426808,ಹೀಗೆ ಬಸಿದು ತೆಗೆದ ನೀರಿನಲ್ಲಿ ಜೀವಸತ್ವ ಕರಗಿರುತ್ತದೆ
23618538,ದಯವಿಟ್ಟು ನನ್ನ ಸುತ್ತಮುತ್ತ ಯಾವುದಾದರೂ ಬ್ಯೂಟಿ ಪಾರ್ಲರ್‌ಗಳಿವೆಯೇ?
23442334,ಹಲವರು ವಿಷಯುಕ್ತ ಹಸಿರು ಸಸ್ಯವನ್ನು ವಿಷಯುಕ್ತ ಓಕ್ ಗಿಡಕ್ಕೆ ಹೋಲಿಕೆ ಮಾಡುತ್ತಾರೆ
23440106,ಕೇಂದ್ರ ಸರ್ಕಾರದ ನೆರವು ಮತ್ತು ಮಾರ್ಗದರ್ಶನ ಇಂಡಿಯನ್ ಕೌನ್ಸಿಲ್ ಆಫ್ ಅಗ್ರಿಕಲ್ಚರಲ್ ರಿಸರ್ಚ್ ಮೂಲಕ ಈ ಕಾರ್ಯಗಳಿಗೆ ದೊರೆಯುತ್ತಿದೆ
24032412,ದುಗ್ಧಕಣಗಳು ರಕ್ತಕ್ಕಿಂತ ಹೆಚ್ಚಾಗಿ ದುಗ್ಧನಾಳ ವ್ಯವಸ್ಥೆಯಲ್ಲಿ ಕಂಡುಬರುತ್ತವೆ
23644138,ಮಧ್ಯದ ಸಾಲಿನ ನಡುವಿನ ಸೀಟಿನ ಹೀಟರ್ ಅನ್ನು ಕೆಳಮಟ್ಟಕ್ಕೆ ಇಡು
23523710,ಇವರ ಹಲವಾರು ಕೃತಿಗಳು ಅಮೇರಿಕದ ಸಾಹಿತ್ಯದ ಶ್ರೇಷ್ಠ ಕೃತಿಗಳೆಂದು ಪರಿಗಣಿತವಾಗಿವೆ
23408332,ಕರ್ನಾಟಕ ಜಿಲ್ಲೆಗಳಲ್ಲಿ ಹೂಡಿಕೆ ಅಸಮತೋಲನ ಸಂಬಂಧಿಸಿದಂತೆ ನಾಗೇಶ್ ಪ್ರಭುರವರ ಬರಹ
23649076,ರೇರ್ ಬಾಗಿಲುಗಳನ್ನು ಅನ್ಲಾಕ್ ಮಾಡಿ ಮತ್ತು ಡಿಕ್ಕಿ ತೆರೆ
23345310,ತಮ್ಮ ಚೊಚ್ಚಲ ಅಂತರರಾಷ್ಟ್ರೀಯ ಟೆಸ್ಟ್ ಕ್ರಿಕೆಟ್ ಪಂದ್ಯದಲ್ಲಿ ಇವರು ಅರ್ಧ ಶತಕ ಬಾರಿಸಿದರು
23436174,ಇದೂ ಕಣಶಿಲೆಯ ಸಾಮಾನ್ಯ ರೀತಿಯ ಚಿಕ್ಕ ಕಟ್ಟಡ
23395052,ಯಾವ ಪ್ರದೇಶದಲ್ಲಿ ರಿಡ್ಜ್ ಗಳು ನೀರಿನ ಮಟ್ಟಕ್ಕಿಂತ ಮೇಲೆ ಇರುವವೋ ಅಲ್ಲಿ ಜ್ವಾಲಾಮುಖಿ ಚಟುವಟಿಕೆಗಳು ದ್ವೀಪಗಳನ್ನು ನಿರ್ಮಿಸುತ್ತವೆ
23429468,ವಿಜಯಶ್ರೀ ಪ್ರಶಸ್ತಿ ಅತ್ತಿಮಬ್ಬೆ ಪ್ರಶಸ್ತಿ ಭಾರತಮಾತಾ ಪ್ರಶಸ್ತಿ
23347232,ಆಯಕಟ್ಟಿನ ದೃಷ್ಟಿಯಿಂದ ಈ ಪ್ರದೇಶಕ್ಕೆ ಹೆಚ್ಚಿನ ಪ್ರಾಮುಖ್ಯ
24171814,ಭಾರತದಲ್ಲಿ ಸುಮಾರು ೧೬ನೇ ಶತಮಾನದಿಂದ ಇದನ್ನು ಕೃಷಿ ಮಾಡಲಾಗಿದೆ ಎಂದು ಅಂದಾಜು ಮಾಡಲಾಗಿದೆ
23388050,ಕಥೆ ಸುಧಾ ಅಕ್ಷಯ್ ಮುರಿದು ಅನುಕ್ರಮಗಳು ಸರಣಿ ತೋರಿಸಲಾಗಿದೆ ಅವಳು ಅವನನ್ನು ಕೊಂದು ಕಾರಣ ವಿವರಿಸುವಾಗ ಒಂದು ಫ್ಲ್ಯಾಷ್ಬ್ಯಾಕ್ ಹೋಗುತ್ತದೆ
23539512,ಜೇಡಿಯು ಮಣ್ಣಿನಲ್ಲಿ ಪೋಷಕಾಂಶ ಮತ್ತು ನೀರನ್ನು ಹಿಡಿದಿಡಲು ಸಹಕರಿಸುತ್ತದೆ
23583284,ಇವರು ಬೆಳದದ್ದು ಈಗಿನ ಚೆನ್ನೈ ಎನ್ನುವ ಮದರಾಸಿನಲ್ಲಿ
23333138,ಕೆಲವೊಮ್ಮೆ ಗರ್ಭಕೋಶ ಕುಗ್ಗದೆ ತಾಯಿಯ ಜೀವಕ್ಕೆ ಅಪಾಯಕರ ಸ್ಥಿತಿ ಇದ್ದರೆ ಗರ್ಭಕೋಶವನ್ನೇ ತೆಗೆಯಬೇಕಾಗಬಹುದು
23344668,ಸ್ವಲ್ಪ ಕಾಲಾನಂತರ ಒರಟಾದ ಮಡಿಕೆಗಳ ಬಳಕೆಯೂ ಕಂಡುಬರುತ್ತದೆ
23557074,ಇಲ್ಲಿ ಗಂಗೆಯ ಪೂಜೆ ಮಾಡಿಸಲು ಪೂಜಾರಿಗಳು ಅನೇಕರು ಹಿಂದೆ ಹಿಂದೆ ಬರುತ್ತಾರೆ
23450792,ಅಂತರರಾಷ್ಟ್ರೀಯ ಪ್ರಯಾಣವು ಸಾಮಾನ್ಯವಾದ ಕಾರಣ ಗಮನಾರ್ಹವಾದ ಅಂತರರಾಷ್ಟ್ರೀಯ ಪ್ರಭಾವವಿದೆ
23391414,ವಿಶ್ವವಿದ್ಯಾನಿಲಯವು ಹಲವಾರು ಕಾಲೇಜುಗಳ ವಿವಿಧ ಕೋರ್ಸುಗಳಿಗೆ ಸಹಯೋಗ ನೀಡಿದೆ
23488172,ಪ್ರತಿಭೂತಿಗಳ ಮಾರುಕಟ್ಟೆ ಬೆಲೆಗಳು ಸಾಮಾನ್ಯವಾಗಿ ಬದಲಾಗುತ್ತ ಇರುತ್ತವೆ
24116284,೧೮೬೨ ರಲ್ಲಿ ಮೊದಲ ಪದವಿ ಬ್ಯಾಚುಲರ್ ಆಫ್ ಆರ್ಟ್ಸ್ ಮತ್ತು ಮೆಡಿಸಿನ್ ನಲ್ಲಿ ಡಿಪ್ಲೊಮ ಕೋರ್ಸ್ ಗಳಿವೆ
23405294,ರಾಜ್ಯದ ಪ್ರವಾಸಿ ತಾಣಗಳನ್ನು ಜನಪ್ರಿಯಗೊಳಿಸಲು ಚಿಕ್ಕ ಚಿಕ್ಕ ಪ್ರವಾಸಿ ಕೈಪಿಡಿಗಳನ್ನು ಸಿದ್ಧ ಪಡಿಸಿದರು
23395116,ಆನಂತರ ಚಮಚದಿಂದ ನಿಧಾನವಾಗಿ ಅದರ ಮೇಲೆ ಚಹಾ ಕಷಾಯವನ್ನು ಹಾಕುವರು
24054928,ಇಸ್ಲಾಮಿಕ್ ಶೈಲಿಯ ವಾಸ್ತುಶಿಲ್ಪ ಮತ್ತು ಶಿಲ್ಪಕಲೆಗಳಿಗೆ ಬಿಜಾಪುರ ಒಳ್ಳೆಯ ನಿದರ್ಶನ
23576402,ಪ್ರಾಣಿ ಜಗತ್ತಿನಲ್ಲಿ ಮಾನವನು ಮಾತ್ರ ಶೈಶವಾವಸ್ಥೆಯನ್ನು ದಾಟಿದ ಮೇಲೆ ಸಹ ಹಾಲನ್ನು ಬಳಸುವನು
23431334,ಯೋಗ ದರ್ಶನವು ಹಿಂದೂ ಧರ್ಮದ ಆರು ಪ್ರಮುಖ ಸಾಂಪ್ರದಾಯಿಕ ಪರಂಪರೆಗಳಲ್ಲಿ ಒಂದು
23513002,ಕಲ್ಯಾಣ ಮಂಟಪದಲ್ಲಿ ಚಿಕ್ಕ ಪುಟ್ಟ ಶುಭಕಾರ್ಯಗಳು ನಡೆಯುತ್ತಿದ್ದವು
23508440,ಮೊದಲು ಬೆಂಗಳೂರಿನ ವಿಮಾನ ಕಾರ್ಖಾನೆಯಲ್ಲಿ ಕೆಲಸಕ್ಕೆ ಸೇರಿದ್ದರು
24230086,ಅವು ನಂತರದಲ್ಲಿ ಪತ್ರಿಕೆಗಳಲ್ಲಿ ಮತ್ತು ನಿಯತಕಾಲಿಕೆಗಳಲ್ಲಿ ಪ್ರಕಟಗೊಂಡವು
23408144,ಪೂರ್ವ ಪಾಕಿಸ್ತಾನದಲ್ಲಿನ ಬಿಕ್ಕಟ್ಟು ಭಾರತದೊಂದಿಗೆ ಪಾಕಿಸ್ತಾನದ ವಿವಾದಗಳ ಸಂಬಂಧಗಳಲ್ಲಿ ಹೊಸ ಸಂಕಷ್ಟ ಗಳನ್ನು ಸೃಷ್ಟಿಸಿತು
24021016,ದೊಡ್ಡದಾದ ಮಲ್ಲಿಕಾರ್ಜುನ ದೇವಾಲಯ ೮೨ ಅಡಿ ಉದ್ದ ೪೬
23584424,ಇದು ಇಂದಿರಾ ಗಾಂಧಿ ಅಂತಾರಾಷ್ಟ್ರೀಯ ವಿಮಾನ ನಿಲ್ದಾಣದಲ್ಲಿ ತನ್ನ ಮೂಲ ಕೇಂದ್ರ ಹೊಂದಿದೆ
23608026,ಡ್ರೈವರ್ ಸೈಡ್‌ನ ಡೋರ್ ಅನ್ನು ಮುಚ್ಚು ಮತ್ತು ಅದನ್ನು ಲಾಕ್ ಮಾಡು
23374888,ದೇಶದ ಬೆಳವಣಿಗೆಯಲ್ಲಿ ಅರ್ಥವ್ಯವಸ್ಥೆ ಪ್ರಮುಖ ಪಾತ್ರ ವಹಿಸುತ್ತದೆ
23400404,ಮಾನವಿ ಬಯಲುಸೀಮೆ ಪ್ರದೇಶವಾದ್ದರಿಂದ ಇಲ್ಲಿಯ ಹವಾಮಾನದಲ್ಲಿ ವ್ಯತ್ಯಯ ಕಂಡುಬರುವುದಿಲ್ಲ
24243210,ಬೆಟ್ಟದಲ್ಲಿ ಸ್ವಲ್ಪ ಮೇಲೆ ಏರಿದರೆ ಒಳಕಲ್ಲು ತೀರ್ಥ ಎನ್ನುವ ಮತ್ತೊಂದು ಸ್ಥಳವಿದೆ
23451808,ಹತ್ತೊಂಬತ್ತನೇ ಶತಮಾನದಲ್ಲಿ ಬ್ರಿಟಿಷರು ಭಾರತದಲ್ಲಿ ಮಣಿಪುರಿ ಕುದುರೆಗಳ ಮೇಲೆ ಪೋಲೋ ಆಡುವುದನ್ನು ನೋಡುವಾಗ ಅದರ ಬಗ್ಗೆ ಕಲಿತರು
23495548,ಆನೆಯನ್ನು ಹತ್ಯೆ ಮಾಡುವ ಯಾರನ್ನೇ ಆದರೂ ಅವರು ಕೊಲ್ಲಬೇಕು
23594920,ಟೊರಾಂಟೊಗೆ ಹೋಲಿಸಿದರೆ ಓಸ್ಲೋದ ಎಷ್ಟು ಗಂಟೆ ಮುಂದೆ ಇದೆ?
24165140,ಆದರೆ ಕುರಿಗಳನ್ನೂ ಬೇಟೆಯಾಡಿ ತಿನ್ನುವುದರಿಂದ ಅಲ್ಲಿನ ಜನರ ದ್ವೇಷವನ್ನು ಗಳಿಸಿದೆ
23487828,ದೇವಸ್ಥಾನದಲ್ಲಿರುವ ಇತರ ದೇವತೆಗಳಲ್ಲಿ ರಂಗನಾಯಕಿ ಮತ್ತು ಹಲವಾರು ಆಳ್ವಾರರು ಸೇರಿವೆ
24134480,೧೯೬೬ ರಲ್ಲಿ ಜಮೈಕಾ ಕಾಮನ್ವೆಲ್ತ್ ಕ್ರೀಡಾಕೂಟದಲ್ಲಿ ಅವರು ಚಿನ್ನದ ಪದಕವನ್ನು ಗೆದ್ದರು
23561108,ಇದು ವಿಷ್ಣುವಿನ ಒಂದು ರೂಪವಾದ ವೈಕುಂಠ ವಿಷ್ಣುವಿಗೆ ಸಮರ್ಪಿತವಾಗಿದೆ
24022334,ಆತನ ವರ್ಣನೆಯನ್ನು ಈ ಪದ್ಯದಲ್ಲಿ ೨೫ ಬಾರಿ ಕ್ಷ ಕಾರವನ್ನು ಬಳಸಿ ಬರೆದಿದ್ದಾನೆ
23396546,ನೃತ್ಯದ ಮುಖ್ಯ ಗಮನವು ಕಣ್ಣುಗಳು ಮತ್ತು ಕಾಲು ಚಲನೆಗಳು ಆಗುತ್ತದೆ
23432318,ಇದನ್ನು ಉತ್ತರಿಸಿ ಅಂಚೆ ಮೂಲಕ ಪ್ರಶ್ನಾವಳಿಯನ್ನು ಕಳುಹಿಸಿಕೊಡಬಹುದು
24060408,ಎಲೆಕ್ಟ್ರಾನ್ ದೂಲ ನಮೂನೆಯನ್ನು ತಾಕಿದಾಗ ಕೆಲವು ಎಲೆಕ್ಟ್ರಾನುಗಳು ಪುಟಿದು ಎತ್ತೆತ್ತಲೋ ಹೋಗುತ್ತವೆ
23447934,ಪರಂಪರಾನುಗತವಾಗಿ ಬಾಯಿಯಿಂದ ಬಾಯಿಗೆ ಸಾಗಿ ಬಂದ ಜನಪದ ಜ್ಞಾನವು ಕಾಲಕ್ಕೆ ತಕ್ಕಂತೆ ಬದಲಾವಣೆಗೊಂಡಿದೆ
23520776,ಪಾರ್ವತಿಯು ಉಗ್ರವಾದ ತಪಸ್ಸನ್ನು ಆಚರಿಸಿ ಶಿವನನ್ನು ಒಲಿಸಿಕೊಂಡು ವಿವಾಹವಾದ ಸಂಕೇತವಾಗಿ ಶಿವ ಪಾರ್ವತಿ ದೇವಾಲಯ ಖ್ಯಾತಿ ಪಡೆದಿದೆ
23345162,ಪ್ರಾದೇಶಿಕ ಮತ್ತು ರಾಷ್ಟ್ರೀಯ ರೈಲುಗಳ ಮೂಲಕ ವೆನಿಸ್ ಸೇವೆ ಸಲ್ಲಿಸುತ್ತದೆ
23519062,ಅದರಿಂದ ಬಂದ ಜನರ ಮೆಚ್ಚುಗೆಗಳನ್ನು ಕಂಡ ನಂತರ ತಾವೆ ಸ್ವಂತವಾಗಿ ಬರೆಯಲು ಪ್ರಾರಂಭಿಸಿದರು
23411328,ಋಗ್ವೇದದಲ್ಲಿ ಮತ್ತು ಶತಪಥ ಬ್ರಾಹ್ಮಣದಲ್ಲಿ ನಾಲ್ಕು ಬಾರಿ ಉಲ್ಲೇಖಿಸಲಾದ ಏಳು ಋಷಿಗಳಲ್ಲಿ ಭಾರದ್ವಾಜರು ಒಬ್ಬರು
24005606,ಈ ಸಂಗ್ರಹಾಲಯದಲ್ಲಿ ವೆಂಕಟಪ್ಪನವರು ರಚಿಸಿದ ಅನೇಕ ಕಲಾಕೃತಿಗಳನ್ನು ಸುವ್ಯವಸ್ಥಿತವಾಗಿ ಪ್ರದರ್ಶಿಸಲಾಗಿದೆ
24028916,೩೦ ರವರೆಗೆ ಪ್ರವಾಸಿಗರಿಗೆ ತೆರೆದಿರುತ್ತದೆ ಮತ್ತು ನೀಡುವ ವಿಹಂಗಮ ನೋಟವು ಭವ್ಯವಾಗಿದೆ
23397714,ಒಂದು ಸರಪಳಿ ಕ್ರಿಯೆಯಲ್ಲಿ ಬಿಡುಗಡೆಯಾದ ನ್ಯೂಟ್ರಾನ್ ಗಳ ಸಂಖ್ಯೆಯನ್ನು ಸ್ಥಿರವಾಗಿರುವಂತೆ ಮಾಡಿದಾಗ ಅದು ನಿಯಂತ್ರಿತ ಸರಪಳಿ ಕ್ರಿಯೆಯಾಗುತ್ತದೆ
23537778,ಕನ್ನಡ ಮತ್ತು ಸಂಸ್ಕೃತಿ ಇಲಾಖೆ ನೀಡುವ ಪ್ರಶಸ್ತಿಗಳು
23431822,ಈ ನಗರದಲ್ಲಿ ತನ್ನದೇ ಆದ ಪ್ರತ್ಯೇಕತೆಯನ್ನು ಹೊಂದಿರುವ ಒಂದು ಮಾರುಕಟ್ಟೆಯಿದೆ
23523518,ಒಂದು ಅಥವಾ ಎರಡು ವಾರಗಳ ಕಾಲ ಅವರು ಹೌರಾ ರೈಲು ನಿಲ್ದಾಣದಲ್ಲಿ ಮತ್ತು ಸುತ್ತಮುತ್ತ ವಾಸಿಸುತ್ತಿದ್ದರು
23521852,ಹಲವುವೇಳೆ ರಸ್ತೆಗಳು ಪಾದಚಾರಿ ಸಂಚಾರಕ್ಕಾಗಿ ಗೊತ್ತುಪಡಿಸಿದ ಕಾಲುದಾರಿಯನ್ನು ಹೊಂದಿರುತ್ತವೆ
23344990,ಮ್ಯಾನ್ ಡೀಸೆಲ್ ಭಾರತದಲ್ಲಿ ಈಗಾಗಲೆ ಸಾಕಷ್ಟು ಟರ್ಬೊ ಯಂತ್ರಗಳನ್ನು ಅಳವಡಿಸಿದೆ
23637086,ನಿಸರ್ಗಧಾಮಕ್ಕೆ ತೆರಳಲು ಮಾರ್ಗ ತೋರಿಸಬಹುದೇ
23562750,ಅವುಗಳನ್ನು ಪ್ರತ್ಯೇಕ ಕ್ಷೇತ್ರಗಳನ್ನಾಗಿ ರೂಪಿಸುವುದರ ಜೊತೆಗೆ ಮಾಹಿತಿ ರವಾನೆಯಾಗುತ್ತದೆ
23625296,ದಯವಿಟ್ಟು ಮಧ್ಯದ ಸಾಲಿನ ರೈಟ್ ಸೈಡ್ ಸೀಟಿನ ಸೀಟ್ ಹೀಟರ್ ಅನ್ನು ನಿಲ್ಲಿಸು
23452258,ಎರಡು ಅನನ್ಯ ದೇವಾಲಯಗಳು ಅದರ ಶ್ರೀಮಂತ ವಾಸ್ತುಶಿಲ್ಪದ ಮೌಲ್ಯವನ್ನು ಪ್ರವಾಸಿಗರನ್ನು ಸೆಳೆಯುತ್ತಿದೆ
23542746,ರಶಿಯಾ ಪಾಲ್ಗೊಳ್ಳುವ ವರೆಗೂ ತುರ್ಕಮನ್ ಇತಿಹಾಸ ಸ್ವಲ್ಪವಷ್ಟೇ ದಾಖಲಾಗಿದ್ದು
23372366,ಈ ಕಣಗಳು ಬೆಳಕನ್ನು ಎಲ್ಲ ದಿಕ್ಕುಗಳಿಗೆ ಹರಡುವ ಕೇಂದ್ರಗಳಾಗುತ್ತವೆ
24204454,ತನ್ನ ಯುವಕರ ಪಡೆಯನ್ನು ಅಖಾಡಕ್ಕೆ ಇಳಿಸಿ ಚುನಾವಣೆಯ ಪಟ್ಟುಗಳನ್ನು ಪ್ರಾರಂಭಿಸಿದರು
23408996,ಇವರ ದಿಟ್ಟ ಹೋರಾಟವನ್ನು ಕಂಡು ನ್ಯೂಯಾರ್ಕ್ ಟೈಮ್ಸ್ ಪತ್ರಿಕೆ ಭಾರತದ ಪ್ರಭಾವಿ ವ್ಯಕ್ತಿ ಎಂದು ಗುರುತಿಸಿದೆ
23343748,ಈ ಎರಡರ ಮಧ್ಯದ ಸ್ಥಳದಲ್ಲಿ ಅನೇಕ ಪೂರಕ ಕಟ್ಟಡಗಳು ಇರುತ್ತಿದ್ದವು
23578014,ಜಾತಿ ವ್ಯವಸ್ಥೆಯ ನೈತಿಕ ಮತ್ತು ನೈತಿಕ ಶಾಖೆಗಳು ಅಂಬೇಡ್ಕರ್ ಅವರ ವಿಮರ್ಶೆಗೆ ಕೇಂದ್ರವಾಗಿದೆ
23356494,ಮಾಂಸಖಂಡಗಳ ಜೀವುಂಡಿಗೆ ಪರೀಕ್ಷೆಯಿಂದ ಹುಳುಗಳ ಇರುವಿಕೆಯನ್ನು ಪತ್ತೆಮಾಡಬಹುದು
23648318,ಮೈಸೂರು ಮೃಗಾಲಯ ಹತ್ತಿರ ಸಮಾವೇಶ ಕೇಂದ್ರ ಎಲ್ಲಿದೆ?
23452424,ಕಡತ ಬಹಿರಂಗಪಡಿಸುವ ಪ್ರಕ್ರಿಯೆ ಆರಂಭ ಆಗಿ ಒಂದು ವರ್ಷ ಆಗಿದೆ
23397528,ದೀನ ದಲಿತರ ಸೇವೆಯೇ ರಾಮನ ಸೇವೆಯೆಂದು ಅವರು ಭಾವಿಸಿದ್ದರು
23551808,ಇದು ಅವರಿಗೆ ಬಂದೂಕು ಬಳಕೆ ಗೊತ್ತಿದೆ ಎಂಬುದನ್ನು ತೋರಿಸುತ್ತದೆ ಎಂದು ಇನ್ನೊಬ್ಬ ಅಧಿಕಾರಿ ಹೇಳಿದ್ದಾರೆ
23646264,ಮುಂದಿನ ಎಲ್ಲಾ ಸೀಟುಗಳನ್ನು ಮುಂದೆ ಒರಗಿಸಿ
23615218,ದಯವಿಟ್ಟು ಡ್ರೈವರ್ ಬದಿಯ ಬಾಗಿಲುಗಳನ್ನು ತೆರೆ
23540670,ನಂತರ ವಿದ್ಯಾರ್ಥಿಗಳು ಪ್ರತಿ ವಿಷಯವನ್ನು ನಿಗದಿಪಡಿಸಲಾಗಿದೆ ಒಂದು ಸದಸ್ಯ ಗುಂಪುಗಳಾಗಿ ವಿಭಜನೆಯಾಯಿತು
23349548,ತರಬೇತಿ ಮತ್ತು ವಿಕಸನದ ಸೀಮಿತ ವೈಶಿಷ್ಟ್ಯತೆಯನ್ನು ಸಾಮಾನ್ಯವಾಗಿ ತರಬೇತುದಾರರು ಮತ್ತು ಪರಿಚಯಿಸುವ ವಿಶೇಷ ತಜ್ಞರು ನಿರ್ದೇಶಿಸುತ್ತಾರೆ
23553418,ಆದ್ದರಿಂದ ಹಂತಹಂತವಾಗಿ ಯಂತ್ರಗಳನ್ನು ಬಳಸುವುದು ಸರಿಯಾದ ವಿಧಾನ
23482992,ಇದರ ಕೆಳಗೆ ಗ್ರಾಮ ದೇವತೆ ಇದ್ದು ಅಮವಾಸ್ಯೆ ಯಂದು ದೇವಸ್ಥಾನದಲ್ಲಿ ಅನ್ನ ಸಂತರ್ಪಣೆ ಇರುತ್ತದೆ
24158254,೧೯೫೨ರಲ್ಲಿ ಪ್ರಾರಂಭವಾದ ಕಟ್ಟಡ ನಿರ್ಮಾಣ ಕಾರ್ಯವು ಪೂರ್ಣಗೊಳ್ಳಲು ನಾಲ್ಕು ವರ್ಷಗಳಾದವು
23556526,ದೇವಾಲಯದ ಗೋಪುರದ ಏಳು ಮಹಡಿಗಳಲ್ಲಿ ಐದು ಮಹಡಿಗಳು ಅವನ ಆಳ್ವಿಕೆಯಲ್ಲಿ ಮುಗಿದವು
23513262,ಕಾಳಿದಾಸನ ವಿಕ್ರಮೋರ್ವಶೀಯ ನಾಟಕದ ನಾಲ್ಕನೆಯ ಅಂಕ ಅಭಿನಯದೊಂದಿಗೆ ಹಾಡಿದ ಗೀತಗಳ ಸಂಕಲನವಾಗಿದೆ
23396552,ಚೆನ್ನು ಚೆನ್ನುಗಲೆ ಚೆನ್ನು ಚೆನ್ನು ಚೆನ್ನುಗಲೆ ಚೆನ್ನು ಚೆನ್ನು ಕಣೇ
23475370,ಈ ವೆಚ್ಚವನ್ನು ಸರಿತೂಗಿಸಲು ಸರ್ಕಾರ ಪೆಟ್ರೋಲಿನ ಮೇಲೆ ತೆರಿಗೆ ವಿಧಿಸುತ್ತದೆ
23420000,ಜಾನಪದದ ಮಾದರಿಯಲ್ಲಿ ಇದು ಒಂದು ರೀತಿ ಮೌಖಿಕ ಪರಂಪರೆಯಾಗಿ ಬೆಳೆದಿದೆ
23421276,ಸಮಾಜಶಾಸ್ತ್ರಕ್ಕೆ ಸಿದ್ಧಾಂತಗಳ ರಚನೆ ಎಷ್ಟು ಮುಖ್ಯವೋ ಸಮಾಜದಲ್ಲಿ ಬದಲಾವಣೆ ಹಾಗೂ ಅಭಿವೃದ್ಧಿಗಳನ್ನು ತರುವುದೂ ಅಷ್ಟೇ ಮುಖ್ಯ
23452192,ಅದರಲ್ಲಿ ಹಿಂದುಳಿದ ವರ್ಗಗಳು ಮತ್ತು ಅತಿ ಹಿಂದುಳಿದ ವರ್ಗಗಳು ಎಂಬ ಎರಡು ಗುಂಪುಗಳನ್ನು ಮಾಡಲಾಗಿತ್ತು
23454060,ಇಲ್ಲಿ ಕೊಂಕಣಿ ಮತ್ತು ತುಳು ಭಾಷಿಕ ಕಥೋಲಿಕರು ಇದ್ದರು
24193808,ಆ ನಂಬಿಕೆಯ ಬಲದಿಂದಲೇ ನೀರಿಗೆ ಧುಮುಕಿದ ನಾನು ಈಜುತ್ತಲೇ ಸಾಗಿದೆ
23448220,ಹಿಮ್ಮೊಗ ಆಸ್ಮೋಸಿಸ್ ಎಂಬುದು ಸೈದ್ಧಾಂತಿಕವಾಗಿ ಬೃಹತ್ ಪ್ರಮಾಣದ ಜಲ ಶುದ್ಧೀಕರಣಕ್ಕೆ ಇರುವಂತಹ ಅತ್ಯುತ್ತಮ ವಿಧಾನವಾಗಿದೆ
23559984,ಎಲ್ಲಾ ಶಾಲೆಗಳ ಅರ್ಥಶಾಸ್ತ್ರಜ್ಞರು ಆಧುನಿಕ ಆರ್ಥಿಕತೆಯ ಗಮನಾರ್ಹ ಅಂಶಗಳನ್ನು ವಿವರಿಸಲು ವಿಫಲರಾಗಿದ್ದಾರೆ ಎಂದು ಡ್ರಕ್ಕರ್ ವಾದಿಸಿದರು
23456968,ಬೇರೆ ಕೆಲಸಗಳಿಗೆ ಇನ್ನೂ ಅವರಿಗೆ ಬಹಳ ತರಭೇತಿಯ ಅಗತ್ಯವಿತ್ತು
23496432,ಅನಂತರ ಅಲ್ಲಾವುದ್ದೀನನ ಮೂರನೆಯ ಮಗನಾದ ಮುಬಾರಕ್ ಖಾನನನ್ನು ಬಂಧನದಿಂದ ಬಿಡಿಸಿದರು
23431558,ಇದು ಜೈನರ ಪ್ರಥಮ ತೀರ್ಥಂಕರರಾದ ಭಗವಾನ್ ಋಷಭ ದೇವರ ನೆಲೆ
24049668,ಭಾರತದಲ್ಲಿ ಮೂರು ನಾಲ್ಕು ಜಾತಿಯ ನಾರಗಸೆ ಗಿಡಗಳು ಬೆಳೆಯುತ್ತವೆ
23491968,ಹನ್ನೆರಡನೆಯ ಶತಮಾನದಲ್ಲಿ ಅಕ್ಕಮಹಾದೇವಿ ಅನೇಕ ವಚನಗಳನ್ನು ರಚಿಸಿದ್ದಾಳೆ
23653972,ಹಿಂಬದಿಯ ಲೆಫ್ಟ್ ಸೈಡ್ ಸೀಟ್ ತಾಪಕವನ್ನು ಆಫ್ ಮಾಡು
23422684,ಅವರಲ್ಲಿ ಅನೇಕರು ವಾರಗಟ್ಟಲೆ ತಯಾರಿ ನಡೆಸುತ್ತಾರೆ ಮತ್ತು ನಂತರ ಬರಿಗಾಲಿನಲ್ಲಿ ಬೆಟ್ಟವನ್ನು ಏರುತ್ತಾರೆ
23484544,ಕಾಂತಾವರದ ವಾತಾವರಣವು ಈ ಮಕ್ಕಳಿಗೆ ಬಹಳ ಇಷ್ಟವಾಗಿತ್ತು
23448984,ಮಳೆನೀರನ್ನು ರನ್ ಆಫ್ ಮತ್ತು ಸಂಯೋಜಿತ ಚರಂಡಿ ಉಕ್ಕಿ ಸನ್ನಿವೇಶಗಳನ್ನು ಉತ್ತರ ಅಮೆರಿಕಾದ ಅನೇಕ ನಗರಗಳಿಗೆ ಪ್ರಮುಖ ಸಮಸ್ಯೆಗಳಾಗಿವೆ
23375338,ಸವದತ್ತಿಯಿಂದ ಕೋಟೆಯ ಮುಖ್ಯ ದ್ವಾರದವರೆಗೆ ರಸ್ತೆಯ ಮೂಲಕ ತಲುಪಬಹುದು
23455950,ಆದರೂ ಸ್ಥಳೀಯ ಚಳವಳಿಯು ಹೋರಾಟವನ್ನು ಮುಂದುವರಿಸಿತು ಮತ್ತು ಮುಂದಿನ ಕೆಲವು ವರ್ಷಗಳಲ್ಲಿ ಗಮನಾರ್ಹ ಸಾಧನೆಗಳನ್ನು ಮಾಡಿತು
23626716,ದಯವಿಟ್ಟು ಮುಂದಿನ ಬಲಬದಿಯ ಆಸನವನ್ನು ಮುಂದೆ ಒರಗಿಸಿ
23654846,ಹಿಂಭಾಗದ ಬಲಬದಿಯ ಸೀಟ್ ಹೀಟರ್ ಅನ್ನು ಆರಂಭಿಸಿ
23962156,ಇವರು ೩೧ ಜುಲೈ ೨೦೧೭ ರಂದು ನಿವೃತ್ತರಾದರು
23401830,ಆಗ ಗಾಂಧೀಜಿಯವರ ನೇತೃತ್ವದಲ್ಲಿ ಸ್ವಾತಂತ್ರ್ಯ ಸಂಗ್ರಾಮ ನಡೆಯುತ್ತಿತ್ತು
23345462,ಅಂತಹ ಒಂದು ಚಿಹ್ನೆಯೆಂದರೆ ರಕ್ತನಾಳಗಳಲ್ಲಿ ಶಿಲೀಂಧ್ರಗಳ ಆಕ್ರಮಣ
23468316,ಅವರು ಹತ್ತು ಕ್ಕೂ ಹೆಚ್ಚು ಬೀದಿ ನಾಟಕಗಳನ್ನು ಬರೆದು ನಿರ್ದೇಶಿಸಿದ್ದಾರೆ
23366794,ಹಲವು ಸಂದರ್ಭಗಳಲ್ಲಿ ಇವರ ಹಾಡಿನ ಸಾಹಿತ್ಯವನ್ನು ಅನೇಕ ರೀತಿಯಲ್ಲಿ ವ್ಯಾಖ್ಯಾನಿಸಲಾಗಿದೆ
23544232,ಇದು ವಧುವಿನ ಕುಟುಂಬದ ಸಂಪತ್ತನ್ನು ಪ್ರದರ್ಶಿಸಲು ಉದ್ದೇಶಿಸಲಾಗಿತ್ತು
23655182,ಹುಬ್ಬಳ್ಳಿಯ ಸುತ್ತಮುತ್ತ ನೈಟ್‌ಕ್ಲಬ್‌ಗಳನ್ನು ಹುಡುಕಿ.
23337240,ಕಾರ್ಯಾಚರಣಾ ವ್ಯವಸ್ಥೆಗಳು ಅನ್ವಯಿಕ ತಂತ್ರಾಂಶಗಳಿಗೆ ಮತ್ತು ಬಳಕೆದಾರರಿಗೆ ಅನೇಕ ವಿಧವಾದ ಸೇವೆಗಳನ್ನು ನೀಡುತ್ತವೆ
23468950,ಹಿಂದೂ ಮುಸ್ಲಿಂ ಭಾವೈಕ್ಯತೆಯನ್ನು ಸದಾ ಮಾನ್ಯ ಮಾಡುತ್ತಿದ್ದರು
23350362,ಆದ್ದರಿಂದ ಎಲ್ಲರೂ ಕಾಲಕ್ಕೆ ತಕ್ಕಂತೆ ನಡೆಯುವುದೇ ಸೂಕ್ತ
23583436,ಅವರು ತಮ್ಮ ಪಾತ್ರಕ್ಕಾಗಿ ಬಾಸ್ ನುಡಿಸಲು ಕಲಿತರು
24050824,ಚರ್ಚ್ ಅನ್ನು ೧೮೧೬ ರಲ್ಲಿ ಕಲ್ಕತ್ತಾದ ಬಿಷಪ್ ಪವಿತ್ರಗೊಳಿಸಿದರು
23410604,ಬ್ರಿಟನ್ನೇ ಅಲ್ಲದೆ ವಿಶ್ವದ ಇತರ ರಾಷ್ಟ್ರಗಳಲ್ಲೂ ಈ ಕಾಲದಲ್ಲಿ ಅಂಚೆಯ ವ್ಯವಸ್ಥೆ ಬಹಳ ಸಮರ್ಪಕವಾಗಿ ಬೆಳೆದಿದೆ
23437298,ಹಾಗಾಗಿ ಆಟಿ ತಿಂಗಳಲ್ಲಿ ಯಾವುದೇ ಶುಭಕಾರ್ಯಗಳು ನಡೆಯುತ್ತಿರಲಿಲ್ಲ
23505160,ಭಾರತೀಯ ಜನತಾ ಪಕ್ಷದಲ್ಲಿರುವ ಇವರು ಬೀದರ ಲೋಕಸಭೆ ಕ್ಷೇತ್ರದಿಂದ ಆಯ್ಕೆಯಾಗಿದ್ದಾರೆ
23433212,ನಂತರ ಪೊಲೀಸರು ಮತ್ತು ಜಾತಿ ಹಿಂದೂಗಳ ನಡುವಿನ ಘರ್ಷಣೆಯಲ್ಲಿ ಹಲವರು ಕೊಲ್ಲಲ್ಪಟ್ಟರು
23623634,ದಯವಿಟ್ಟು ಮಧ್ಯ ಸಾಲಿನ ಬಲಬದಿಯ ಆಸನದ ಸೀಟ್ ಹೀಟರ್ ಅನ್ನು ನಿಲ್ಲಿಸು
23459682,ಅಂದರೆ ಒಂದೊಂದು ಆಲ್ಬಂಗಳು ಬಿಲ್ ಬೋರ್ಡ್ ಪಟ್ಟಿಯಲ್ಲಿ ಚೆನ್ನಾಗಿ ಮೇಲೇರಿದವು
23556508,ಈ ರಾಜ್ಯಗಳ ಮದ್ಯದಂಗಡಿಗಳಲ್ಲಿ ತೀಕ್ಷ್ಣವಾದ ಪಾನೀಯ ಮಾರಾಟ ಮಾಡುವುದನ್ನು ನಿಷೇಧಿಸಲಾಗಿದೆ
23372078,ಇದರಲ್ಲಿ ಅಧ್ಯಕ್ಷ ದೇಶದ ಮುಖ್ಯಸ್ಥ ಮತ್ತು ಸರ್ಕಾರದ ಮುಖ್ಯಸ್ಥ
23378366,ಅಂಚೆ ಪತ್ರಗಳೂ ಇತರ ಪತ್ರಗಳೂ ಸಾಗಲು ಬಹಳ ಕಾಲ ಹಿಡಿಸುತ್ತಿತ್ತು
23428544,ಮ್ಯಾಗ್ಲೆವ್ ತಂತ್ರಜ್ಞಾನವನ್ನು ಬಳಸಿ ಹೆಚ್ಚು ವೇಗದ ರೈಲುಗಳನ್ನು ತಯಾರಿಸಲಾಯಿತು
23521054,ಪ್ರಪಂಚದ ಬಹಳ ಭಾಶೆಗಳಲ್ಲಿ ಇಶ್ಟು ಪುರಾತನ ಸಾಹಿತ್ಯ ದೊರೆಯುವುದಿಲ್ಲ
23356292,ಸಾಂಚಿ ಬೌದ್ಧ ಧರ್ಮದ ಪ್ರಮುಖ ಕೇಂದ್ರವಾಗಿ ಉಳಿಯಿತು
23468352,ಸಾರ್ವಜನಿಕ ಸ್ನಾನಗೃಹಗಳು ಅನೈತಿಕತೆ ಮತ್ತು ಕಾಯಿಲೆಗಳನ್ನು ಸೃಷ್ಠಿಸುವ ವಾತಾವರಣವನ್ನು ನಿರ್ಮಾಣ ಮಾಡಿವೆ ಎಂದು ಚರ್ಚಿನ ಅಧಿಕಾರಿಗಳು ನಂಬಿದ್ದರು
23384994,ಆಂಜನೇಯ ಸ್ವಾಮಿಯ ವಿಗ್ರಹವು ದೇವಾಲಯದ ಹೊರಗೆ ಗುರು ನರಸಿಂಹ ದೇವರ ದೃಷ್ಟಿಗೆ ನೇರವಾಗಿ ಎದುರುಗಡೆ ಇದೆ
24191596,ಸಲ್ವಾರ್ ಧರಿಸಿದಾಗ ದುಪಟ್ಟವನ್ನು ಕುತ್ತಿಗೆಯ ಸುತ್ತಲೂ ಸುತ್ತಿಕೊಳ್ಳುವ ವಿಭಿನ್ನ ಫ್ಯಾಷನ್ ಕೂಡ ಒಂದು ಕಾಲದಲ್ಲಿ ಪ್ರಚಲಿತದಲ್ಲಿತ್ತು
23479744,ಒಂದೇ ಹಡಗಿನಿಂದ ಸುಮಾರು ಎಂಬತ್ತೈದು ಬಲೆಗಳನ್ನು ಒಂದೇ ಕಾಲದಲ್ಲಿ ಉಪಯೋಗಿಸುತ್ತಾರೆ
23375096,ಆರ್ಥಿಕ ಬೆಳೆವಣಿಗೆ ಇಂಥ ದಾಸ್ಯದಿಂದ ಪಾರಾಗುವ ಸಾಮರ್ಥ್ಯವನ್ನು ಕೊಡಬಲ್ಲುದು
23558752,ಈ ಪ್ರಕ್ರಿಯೆಯ ಒಂದು ಪ್ರಮುಖ ಹಂತವೆಂದರೆ ಸಂಗ್ರಹಿಸಿದ ಮಾಹಿತಿಯ ವ್ಯಾಖ್ಯಾನ
23562816,ಆದರೆ ಇದನ್ನು ವಾಣಿಜ್ಯೋದ್ದೇಶಕ್ಕಾಗಿ ರೂಪಿಸಲಾಗಿದೆಯೇ ಅಥವಾ ವೈಯಕ್ತಿಕ ಬಳಕೆಗೆ ರೂಪಿಸಲಾಗಿದೆಯೇ ಎನ್ನುವುದನ್ನು ಇದು ಆಧರಿಸಿರುತ್ತದೆ
23654696,ಹಿಂಭಾಗದ ಡಿಫ್ರೊಸ್ಟರ್ ನಿಷ್ಕ್ರಿಯಗೊಳಿಸಿ
23506424,ಆಧುನಿಕ ಸಾರ್ವಜನಿಕ ಗ್ರಂಥಾಲಯವನ್ನು ಮಂಗಳೂರು ಡಿಕೆ ಜಿಲ್ಲೆಯ ನಾಗರೀಕರಿಗೆ ಸಮರ್ಪಿಸಲಾಯಿತು
23470470,ಆದರೆ ಅವರು ತೃಪ್ತರಾಗದ ಕಾರಣ ಅದನ್ನು ತೊರೆದರು
23334526,ಮಧ್ಯಭಾಗದಲ್ಲಿ ಸ್ಪಷ್ಟವಾಗಿ ಎದ್ದು ಕಾಣುವ ಗೆರೆಗಳನ್ನು ಹೊಂದಿರುವ ಈ ಎಲೆಗಳನ್ನು ನೋಡುವುದೇ ಕಣ್ಣಿಗೆ ಅಂದ
23502708,ವೈಜ್ಞಾನಿಕ ಪ್ರಗತಿ ಮತ್ತು ನಾಗರಿಕತೆಯ ಮೇಲೆ ಪ್ರಭಾವ ಬೀರುವಲ್ಲಿ ಜ್ಞಾನಶಾಸ್ತ್ರವನ್ನು ಅಧ್ಯಯನ ಮಾಡುವ ಪ್ರಯೋಜನಗಳು
23524438,ನಂತರ ಅವರು ಸ್ಥಳೀಯ ರೈತರ ಕಲ್ಯಾಣದಲ್ಲಿ ಸಕ್ರಿಯವಾಗಿ ಭಾಗವಹಿಸಿದರು ಮತ್ತು ಭಾರತದ ಕಮ್ಯುನಿಸ್ಟ್ ಪಕ್ಷದ ಪ್ರಮುಖ ನಾಯಕರಾಗಿದ್ದರು
23939398,ಹಿಂತಿರುಗುವಾಗ ವಿಶ್ವಾಮಿತ್ರರೊಡನೆ ಪ್ರಯಾಣದ ಕೊನೆಯಲ್ಲಿ ರಾಮನು ಮಿಥಿಲಾ ರಾಜ್ಯಕ್ಕೆ ಬಂದನು
23527406,ಚೀನವು ಆರ್ಥಿಕ ಹಾಗೂ ರಾಜಕೀಯವಾಗಿ ಪ್ರಭಾವಿ ರಾಷ್ಟ್ರ
23497640,ಕವಿತಾ ಕೃಷ್ಣಮೂರ್ತಿ ಮೊದಲು ಹಾಡಿದ ಹಾಡೇ ಕನ್ನಡದ್ದು
24170622,ಆದರೂ ಎಲ್ಲಾ ಭಾರತಿ ವರ್ಣಮಾಲೆಗಳನ್ನು ಸಂಯೋಗಗಳನ್ನು ಸೇರಿಸಲು ವಿಸ್ತರಿಸುವ ಯೋಜನೆ ಇದೆ
23434104,ಈ ಶ್ರಮ ವಿಭಾಗದಿಂದ ಒಬ್ಬರ ಸಹಾಯವಿಲ್ಲದೆ ಇನ್ನೊಬ್ಬರು ಬದುಕುವುದು ಕಷ್ಟವಾಗಿತ್ತು
23565124,ಆಕೆಯು ನಲ್ಲಿಯ ಹತ್ತಿರ ಬರುತ್ತಾಳೆ ಹಾಗೂ ಆಕೆಯ ಚಿಕ್ಕ ತೊಟ್ಟಿಯ ಹೊರಗಿನಿಂದ ಕಯಕೊಳ ಕೈಗಳು ಬರುತ್ತಿರುವುದನ್ನು ಕಾಣುತ್ತಾಳೆ
23431734,ನಾನು ರಾಕ್ ಸ್ಟಾರ್ ಆಗುವ ಕನಸನ್ನೂ ಸಹ ಹೊಂದಿದ್ದೆ
23334520,ಇಂಟರ್ನೆಟ್ ಮಾಧ್ಯಮದಲ್ಲಿ ಮುಂಬಯಿನಗರದ ಬಹುತೇಕ ಸಚಿತ್ರ ವಿವರಣೆಗಳನ್ನು ಒಟ್ಟಾರೆ ಕಾಣಬಹುದು
23406658,ಇಲ್ಲಿ ಮೊದಲಿಗೆ ಸರಸ್ವತಿ ನದಿ ಹರಿಯುತ್ತಿತ್ತು ಎಂದು ಅಂದಾಜಿಸಲಾಗಿದೆ
23369276,ಅಪಾಚೆ ಜನರು ಏಳು ದಕ್ಷಿಣದ ಅಥಾಬಾಸ್ಕನ್ ಭಾಷೆಗಳಲ್ಲಿ ಒಂದು ಅಥವಾ ಹೆಚ್ಚು ಭಾಷೆಗಳನ್ನು ಆಡುತ್ತಾರೆ
23562712,ಅನಂತರ ಬರಿ ಐದು ವಾರದಲ್ಲಿ ಫ್ರೇಂಚ್ ಮಾತಾಡಲು ಪ್ರಾರಂಭಿಸಿದ್ದರು
23557784,ಮಂಟೇಸ್ವಾಮಿ ಸಂಪ್ರದಾಯಕ್ಕೆ ಸಂಬಂಧಿಸಿದ ದೇವಾಲಯಗಳು ಅನೇಕ ಊರುಗಳಲ್ಲಿ ಕಂಡುಬರುತ್ತವೆ
23561644,ಆಪ್ಟೆರಿಕ್ಸ್ ಆಸ್ಟ್ರಾಲಿಸ್ ಎಂಬುದು ಇದರ ವೈಜ್ಞಾನಿಕ ನಾಮ
23425374,ನಡುವಿಗೆ ಸರಿಯಾಗಿ ಬಣ್ಣದ ಒಂದು ಕರವಸ್ತ್ರ ಇಳಿ ಬಿದ್ದಿರುತ್ತದೆ
23480098,ಕೇವಲ ಪಟ್ಟಣ ಮತ್ತು ನಗರಗಳಲ್ಲಿ ಮಾತ್ರವಲ್ಲದೆ ಗ್ರಾಮಾಂತರ ಪ್ರದೇಶಗಳಲ್ಲೂ ಗೃಹ ವಿಜ್ಞಾನ ಶಿಕ್ಷಣ ದೊರೆಯಲು ಭಾರತ ಸರ್ಕಾರ ಅವಕಾಶ ಮಾಡಿಕೊಟ್ಟಿದೆ
23514084,ಹಂಸಲೇಖ ರವರ ಸಂಗೀತ ನಿರ್ದೇಶನದಿಂದ ಈ ಚಿತ್ರವು ಮಾಡಲಾಗಿದೆ
23404002,ಅದರಿಂದ ಸರ್ಕಾರಿ ಅಧಿಕಾರಿಗಳು ಮಧ್ಯ ಪ್ರವೇಶಿಸುವ ಸಂದರ್ಭ ಬರುವುದಿಲ್ಲ ಮತ್ತು ಕಲಸ ಕಾರ್ಯಗಳು ಸುಗಮವಾಗಿ ನಡೆಯುತ್ತವೆ
23473268,ಇನ್ನೂ ಹೆಚ್ಚಿನದೆಂದರೆ ಅಜ್ಜ ಅಜ್ಜಿ ಪದಗಳು ಪರಸ್ಪರ ಬಳಕೆಯಲ್ಲಿವೆ
23486142,ಸಿಕ್ಕಿಮ್ ಹಾಗೂ ಜಯಪುರ ಪ್ರದೇಶಗಳಲ್ಲಿ ಸಹ ತಾಮ್ರ ನಿಕ್ಷೇಪಗಳು ಇರಬಹುದೆಂದು ಊಹಿಸಲಾಗಿದೆ
23553636,ಸರೋವರಕ್ಕೆ ಅಂಚು ಕಟ್ಟಿದಂತೆ ನೆಟ್ಟಿರುವ ಸಾಲು ಮರಗಳಿಂದ ಕೂಡಿರುವ ಸುತ್ತಣ ಪ್ರದೇಶ ಸುಂದರವಾಗಿದೆ
23353812,ಬಲರಾಮ್ ಅವರು ಗಯಾ ಜಿಲ್ಲೆಯ ಗ್ರಾಮೀಣ ಹಳ್ಳಿಯಲ್ಲಿ ಜನಿಸಿದರು
23468106,ಓರ್ವ ಆಟಗಾರ ನಿರ್ದಿಷ್ಟ ಸಂಖ್ಯೆಯ ಸುತ್ತುಗಳಲ್ಲಿ ಗೆಲ್ಲುವ ಮೂಲಕ ಪಂದ್ಯವನ್ನು ಗೆಲ್ಲಬಹುದು
23494588,ಕ್ರಮೇಣ ಕೈಕೊಡಲಿ ಮತ್ತು ಚಕ್ಕೆ ಕಲ್ಲಿನ ಆಯುಧಗಳ ವಿಧಾನಗಳು ಪರಸ್ಪರ ಪ್ರಭಾವಕ್ಕೊಳಗಾದುವು
23511620,ಅನಂತರ ಮಾನಸಿಕ ರೋಗಶಾಸ್ತ್ರದಲ್ಲಿ ಆಸಕ್ತನಾಗಿ ಅದಕ್ಕಾಗಿ ಚಿಕಿತ್ಸಾಲಯವನ್ನು ಆರಂಭಿಸಿದ
23585836,ಇದನ್ನು ಮನೆ ತೋಟಗಳಲ್ಲಿ ಅಥವಾ ಇತರ ಸಣ್ಣ ಪ್ರದೇಶಗಳಲ್ಲಿ ಬೆಳೆಯಲಾಗುತ್ತದೆ
23655490,"ಹೊಸ ದೆಹಲಿಯಲ್ಲಿ ಮಧ್ಯಾಹ್ನವಾದರೆ, ಲಾಸ್‌ ಏಂಜಲೀಸ್‌ನಲ್ಲಿ ಸಮಯ ಎಷ್ಟು?"
23368724,ಹವಮಾನ ಸೂಚ್ಯಂಕಗಳು ನಷ್ಟ ಪರಿಹಾರ ಪ್ರಮಾಣವನ್ನು ನಿರ್ಧರಿಸಲು ತಯಾರಿಸಲಾಗಿದೆ
23497714,ಆ ಸಮಯದಲ್ಲಿ ಅದು ಪ್ರಬಲವಾದ ವಿವರವಾದ ಅಧ್ಯಯನಗಳನ್ನು ಒಳಗೊಂಡಿತ್ತು
23350642,ಅವರ ಬೆಂಬಲಿಗರು ಜನಸಂಖ್ಯೆ ಹೆಚ್ಚಲು ಮುಖ್ಯ ಕಾರಣ ಜೀವನಮಟ್ಟ ಬೆಳೆದಂತೆ ಮದುವೆಯ ವಯಸ್ಸು ಕಡಿಮೆಯಾಗುವುದೇ ಕಾರಣ ಎಂದಿದ್ದಾರೆ
23509644,ಇವರು ಗಾದೆಗಳನ್ನು ಬಳಸಿಕೊಂಡು ಗೀತಗಳು ಹಾಗೂ ನಾಟಕಗಳನ್ನು ರಚಿಸುವ ವಿಶಿಷ್ಟ ಪ್ರಯೋಗಗಳನ್ನು ನಡೆಸಿದ್ದಾರೆ
23330672,ಕಾರ್ಪೊರೇಟ್ ಸಾಮಾಜಿಕ ಜವಾಬ್ದಾರಿ ಕುರಿತು ಶ್ರೀ ಪರೇಖ್ ಅವರ ಚಿಂತನೆ ಸರಳವಾದರೂ ಆಳವಾದದ್ದು
23387030,ಎಣ್ಣೆ ತೆಗೆದ ಅನಂತರ ಉಳಿವ ಹಿಂಡಿ ದನಗಳಿಗೆ ಒಳ್ಳೆಯ ಮೇವು
23366882,ಇದರಿಂದಾಗಿ ಈತನ ಅಮೂಲ್ಯ ಸಾಧನೆಗಳು ಸಕಾಲದಲ್ಲಿ ಪ್ರಕಟವಾಗಲಿಲ್ಲ
23326260,ಅವರ ಆರಂಭಿಕ ದಿನಗಳಲ್ಲಿ ಕನ್ನಡ ಮತ್ತು ತಮಿಳನ್ನು ಕಲಿತರು
24116892,ಆ ಯೋಜನೆಯನ್ನು ನಮ್ಮ ರಾಜ್ಯದ ೪ ದಶ ಲಕ್ಷ ರೈತರು ಪ್ರಯೋಜನ ಪಡೆಯುತ್ತಿದ್ದಾರೆ
24119990,ಈತನು ೧೯೩೩ರಿಂದ ೧೯೪೫ರ ವರೆಗೆ ಜರ್ಮನಿಯನ್ನು ಆಳಿದನು
23501138,ಇವು ಸಾಮಾನ್ಯವಾಗಿ ರಾಕೆಟ್ ನೋದಕದ ದಹನದಿಂದ ತಮ್ಮ ನಿಷ್ಕಾಸವನ್ನು ಸೃಷ್ಟಿಸುತ್ತವೆ
23587674,ಈ ವರ್ಷ ದೀಪಾವಳಿ ಯಾವ ದಿನ ಬರುವುದು?
24242482,ಬೆಟ್ಟದ ಮೇಲೆ ಮೂರು ದಿಕ್ಕುಗಳಲ್ಲಿ ನೀರು ಹರಿಯುತ್ತದೆ
24152742,ಉದಾಹರಣೆಗೆ ಈ ಜ್ಯೋತಿಷ್ಯಕ್ಕೆ ಗಣನೆಗೆ ತೆಗೆದುಕೊಳ್ಳುವ ೨೭ ನಕ್ಷತ್ರ ಗಳು ಬ್ರಹ್ಮನ ಮಗ ದಕ್ಷನ ಹೆಣ್ಣು ಮಕ್ಕಳು
23550324,ಕೊಡು ಕೊಳ್ಳುವ ಹಣದ ಚಲಾವಣೆ ಸ್ಥಳೀಯ ನಾಣ್ಯದ ಮೂಲಕ ನಡೆಯುತ್ತದೆ
23587886,ಈ ವಾರಾಂತ್ಯದಲ್ಲಿ ಯಾವ ಹಬ್ಬವನ್ನು ಆಚರಿಸಿದೆವು?
23642216,ಮಧ್ಯ ಸಾಲಿನ ಎಡ ಆಸನದ ಸೀಟಿನ ಹೀಟರ್ ಆರಂಭಿಸಿ
23460984,ಇದು ಹೂವಿನ ಉದ್ಯಾನದ ಸುತ್ತಲಿನ ಸ್ಥಳದಲ್ಲಿ ನಿರ್ಮಿಸಲಾದ ದೇವಾಲಯವಾಗಿದೆ
23328676,ಈ ಕ್ಲಿಕ್ ಧ್ವನಿಗಳನ್ನು ಆಫ್ರಿಕದಲ್ಲಿ ಬಿಟ್ಟರೆ ಪ್ರಪಂಚದ ಬೇರಾವುದೇ ಭಾಷೆಯಲ್ಲಿಯೂ ಬಳಸುವುದಿಲ್ಲ
23329450,ಶ್ರೀಗಂಧದ ತೈಲ ಅತಿ ಪರಿಮಳಯುಕ್ತ ಸುಗಂಧ ದ್ರವ್ಯಗಳಲ್ಲಿ ಒಂದು
23442894,ಆದುದರಿಂದ ಹೀಗೆ ಪೂರ್ಣಗೊಂಡ ಒಂದು ಕ್ರಿಯೆಯ ಅರ್ಥಕೊಡುವ ಪದಗಳನ್ನು ಸಾಮಾನ್ಯವಾಗಿ ಕ್ರಿಯಾಪದ ಎನ್ನುತ್ತೇವೆ
23509342,ಲಘು ಸಂಗೀತ ಕ್ಷೇತ್ರದಲ್ಲಿಯೂ ಸಹ ಕಾರ್ಯಕ್ರಮಗಳಲ್ಲಿ ಸಹಕಾರ ನೀಡಿದ್ದಾರೆ
23365828,ಅವನ ತಲೆ ಕಲ್ಲಿನ ಗೋಡೆಗೆ ಬಡಿದು ಅವನ ತಲೆಬುರುಡೆಯಿಂದ ರಕ್ತ ಹರಿಯಿತು
23488994,ಸಾರ್ವಜನಿಕರಿಗೆ ಗಣಕಗಳಲ್ಲಿ ನುಡಿ ತಂತ್ರಾಂಶದ ಬಳಕೆಯ ಮೂಲ ತರಬೇತಿ
23394760,ಆತನ ಚಕ್ರಾಧಿಪತ್ಯದ ಭೌಗೋಳಿಕ ಗಡಿರೇಖೆಯನ್ನು ಹೇಳುವಂತಹ ಯಾವುದೇ ಪುರಾವೆ ಇಲ್ಲ
23462024,ಈಚೆಗೆ ಅಲ್ಲದೆ ಬೇಸಿಗೆ ಧಾನ್ಯ ಬೆಳೆ ತೆಗೆಯುವ ಕೃಷಿ ಪದ್ಧತಿ ಹೆಚ್ಚಾಗಿ ಜಾರಿಗೆ ಬರುತ್ತಿರುವುದು ಜಾನುವಾರು ಪೋಷಣೆಗೂ ಸಹಾಯಕ
23527788,ಆದರೆ ಕಾಶ್ಮೀರದ ಪ್ರದೇಶದ ಒಡೆತನದ ಮೇಲೆ ಭಿನ್ನಾಭಿಪ್ರಾಯಗಳ ಕಾರಣದಿಂದ ಈ ಸಭೆಯು ವಿಫಲವಾಯಿತು ಅಥವಾ ಜಂಟಿ ಹೇಳಿಕೆ ನೀಡದೆ ವಿಫಲವಾಯಿತು
23341378,ಅಷ್ಟೋತ್ತರ ಎಂದರೆ ಎಂಟು ಅಧಿಕ ಎಂದು ಮಾತ್ರ ಅರ್ಥವಾಗುತ್ತದೆ
23990166,ದಯವಿಟ್ಟು ನನ್ನನ್ನು ಕ್ಷಮಿಸಿ ಎಂದು ಕೆಫೆ ಕಾಫಿ ಡೇ ನಿರ್ದೇಶಕ ಮಂಡಳಿಯ ಸದಸ್ಯರಿಗೆ ಸಿದ್ಧಾರ್ಥ ಜು
23346400,ಅದೇ ವ್ಯಕ್ತಿಯ ಚರಿತ್ರೆಯನ್ನು ಬೇರೊಬ್ಬ ಬರೆದಾಗ ಅದನ್ನು ಜೀವನಚರಿತ್ರೆ ಎನ್ನುತ್ತೇವೆ
23615252,ದಯವಿಟ್ಟು ಡ್ರೈವರ್ ಬಾಗಿಲನ್ನು ಬಿಟ್ಟು ಎಲ್ಲಾ ಡೋರ್‌ಗಳನ್ನು ತೆರೆ
23483922,ಟೀಪೂ ಸುಲ್ತಾನನ ಆಳ್ವಿಕೆಯ ಕಾಲದಲ್ಲಿ ಶ್ರೀರಂಗಪಟ್ಟಣ ಮುಂತಾದೆಡೆಗಳಲ್ಲಿ ಮೌಲೂದಿ ವರ್ಷದ ಉಲ್ಲೇಖವಿರುವ ಶಾಸನಗಳಿವೆ
23480248,ಇವರು ನಂತರದ ವರ್ಷಗಳಲ್ಲಿ ಜಲಂದರ್ ನ ಪಂಜಾಬ್ ಬುಕ್ ಸೆಂಟರಿನ ಉಸ್ತುವಾರಿಯಾಗಿ ಸೇವೆ ಸಲ್ಲಿಸುತ್ತಾರೆ
23467916,ಈ ನಿರ್ದಿಷ್ಟ ಘಟನೆಯು ಪ್ರತಿ ಶುಕ್ರವಾರ ಸಂಜೆ ನಡೆಯುತ್ತದೆ
23548816,ಪೊಲೀಸರು ಆಕೆಯನ್ನು ಪತ್ತೆ ಹಚ್ಚಿ ವಾಪಸ್ ಕರೆದೊಯ್ಯುತ್ತಾರೆ
23418854,ವಿಶ್ವದೆಲ್ಲೆಡೆಯಿಂದ ಹಲವು ತಜ್ಞರು ಮತ್ತು ವಿದ್ಯಾರ್ಥಿವೇತನ ಪಡೆಯುತ್ತಿರುವವರು ಇವುಗಳಲ್ಲಿ ಸಕ್ರಿಯರಾಗಿ ಭಾಗವಹಿಸುವರು
23444464,ತ್ಯಾಜ್ಯ ಆಡಳಿತ ವ್ಯವಸ್ಥೆಯಂತೆ ತ್ಯಾಜ್ಯಕ್ಕೆ ಕಾರಣರಾದವರು ಇದನ್ನು ಸಾಗಿಸಲು ಮತ್ತು ವಿಲೇವಾರಿ ಹಂತದವರೆಗಿನ ಎಲ್ಲಾ ವೆಚ್ಚಗಳಿಗೆ ಸಂದಾಯ ಮಾಡಲೇಬೇಕಾಗುತ್ತದೆ
23434784,ಇದು ಭಾರತ ಮತ್ತು ಶ್ರೀಲಂಕಾದಲ್ಲಿ ಬೆಳೆಯುವ ಸಾಮಾನ್ಯವಾದ ದೊಡ್ಡ ಪೊದೆಸಸ್ಯವಾಗಿದೆ
23541832,ಅವರು ಜೇನುತುಪ್ಪ ಮತ್ತು ಇತರ ಅರಣ್ಯ ಆಹಾರ ಉತ್ಪನ್ನಗಳನ್ನು ಸಂಗ್ರಹಿಸುತ್ತಾರೆ
23577414,ಯಂತ್ರದ ದೋಣಿಗಳನ್ನು ಕಟ್ಟಲೂ ಮೀನು ಹಿಡಿಯಲು ಬೇಕಾಗುವ ಯಂತ್ರೋಪಕರಣಗಳನ್ನು ಒದಗಿಸಲೂ ಮೀನುಗಾರಿಕೆಯಲ್ಲಿ ಶಿಕ್ಷಣ ಕೊಡಲೂ ಸಾಕಷ್ಟು ಹಣ ವೆಚ್ಚವಾಗುತ್ತಿದೆ
23492616,ಪಠ್ಯಕ್ರಮದಲ್ಲಿ ಭಾರತೀಯ ಸಾಂಸ್ಕೃತಿಕ ಮತ್ತು ಧಾರ್ಮಿಕ ಮೌಲ್ಯಗಳನ್ನು ಉತ್ತೇಜಿಸುವ ಅಗತ್ಯತೆಯ ಬಗ್ಗೆ ಸಂಸ್ಥೆಯು ನಿರ್ದಿಷ್ಟವಾಗಿದೆ
23588858,ಎಡಗಡೆಯ ಹಿಂಬದಿಯ ಸೀಟಿನ ಸೊಂಟದ ಆಧಾರವನ್ನು ಹೆಚ್ಚು ಮಾಡಿ
23473034,ವಿನೋದ್ ಬರೆದು ನಿರ್ದೇಶಿಸಿರುವ ತಮಿಳು ಬಾಷೆಯ ಚಿತ್ರ
23496356,ಇದು ಇಲ್ಲಿನ ಸಮುದಾಯಗಳ ನಡುವಿನ ಸಾಮಾನ್ಯ ಅಂಶಗಳಲ್ಲಿ ಒಂದಾಗಿದೆ ಎಂದು ನಾವು ನಂಬುತ್ತೇವೆ
23625134,ದಯವಿಟ್ಟು ಮಧ್ಯದ ಸಾಲಿನ ಮಧ್ಯದ ಆಸನದ ಸೀಟಿನ ಹೀಟರ್ ಆನ್ ಮಾಡು
23448528,ಭತ್ತದ ಬೇಸಾಯವನ್ನು ನಲಿಕೆಯವರು ಒಂದು ವೃತ್ತಿಯನ್ನಾಗಿ ಪರಿಗಣಿಸದೆ ಒಂದು ಆಚರಣೆಯನ್ನಾಗಿ ನಡೆಸುತ್ತಾರೆ
23971520,ರೋಜಾ ಸೆಲ್ವಮಣಿ ಅವರು ೧೭ ನವೆಂಬರ್ ೧೯೭೨ ರಲ್ಲಿ ಜನಿಸಿದ್ದಾರೆ
23440562,ಇದು ಬೊಬ್ಬೆ ಉಕ್ಕಿನ ಉಪಯುಕ್ತತೆಯನ್ನು ಕಡಿಮೆ ಮಾಡುತ್ತದೆ
23546840,ವಾಣಿಜ್ಯದ ಸಂಚಾರವು ನದಿ ಮತ್ತು ಕಾಲುವೆಯ ಪುನರ್ನಿರ್ಮಿತ ಉಪಯೋಗಕ್ಕೆ ದಾರಿ ಮಾಡಿಕೊಟ್ಟಿದೆ
23582164,ಕೇವಲ ಅತಿ ಶ್ರೀಮಂತರು ಅಥವಾ ಶ್ರೀಮಂತ ಪ್ರಭುತ್ವ ಹೊಂದಿರುವವರು ಮಾತ್ರ ಇವುಗಳನ್ನು ಧರಿಸಲು ಅಥವಾ ಬಳಸಲು ಶಕ್ತರಾಗಿದ್ದಾರೆ
23330472,ಜೇನುನೊಣಗಳಿಂದ ಸಂಗ್ರಹಿಸಲ್ಪಟ್ಟ ಜೇನು ಪರಾಗವನ್ನು ಕೆಲವರು ಉತ್ತಮ ಆಹಾರ ಎನ್ನುತ್ತಾರೆ
23479648,ಹೀಗೆ ಲೇಣೆಯು ಉಪಯೋಗದ ಅವಧಿಯು ಶೈಥಿಲ್ಯದಿಂದ ಕಡಿಮೆಯಾಗುತ್ತದೆ
23489738,ಇದು ಅಳಿವಿನಂಚಿನಲ್ಲಿರುವ ವನ್ಯಜೀವಿ ಸಂರಕ್ಷಣೆಯನ್ನು ಉತ್ತೇಜಿಸುವ ಒಂದು ಮಾರ್ಗವಾಗಿದೆ
23628254,ದಯವಿಟ್ಟು ವೇಗ ನಿಯಂತ್ರಣ ಅನ್ನು ಆಫ್ ಮಾಡಿ
23351798,ಜಗತ್ತನ್ನು ಉಳಿಸಲು ಮಹಾವಿಷ್ಣು ಮಧು ಮತ್ತು ಕೈತಭಾ ರಾಕ್ಷಸರನ್ನು ಕೊಲ್ಲಲು ಅವಳು ಸಹಾಯ ಮಾಡಿದಳು
23592998,ಚಾಲಕನ ಕಡೆಯ ಡೋರ್ ಬಂದ್ ಮಾಡು ಮತ್ತು ಅದನ್ನು ಲಾಕ್ ಮಾಡು
23565798,ತಂಡದ ನಾಲ್ವರೂ ಹೊಸ ಹಾಡು ಮತ್ತು ಸಂಗೀತದ ರಚನೆ ಮತ್ತು ನಿರ್ಮಾಣದಲ್ಲಿ ಸಕ್ರಿಯರಾದರು
23448450,ಅಬ್ಬೆ ರಂಗಕಲೆ ಸ್ಥಾಪಿಸಿದಾಗ ಸಿಂಜ್ ರವರನ್ನು ಸಾಹಿತ್ಯ ಸಲಹೆಗಾರನಾಗಿ ನೇಮಕ ಮಾಡಿದರು
23446058,ರಾಜರು ಪಿಟೀಲು ಚೆನ್ನಾಗಿ ತಿಳಿದಿದ್ದರು ಮತ್ತು ಇತರ ಸಂಗೀತಗಾರರೊಂದಿಗೆ ಅರಮನೆ ಆವರಣದಲ್ಲಿರುವ ಕೃಷ್ಣ ದೇವಸ್ಥಾನದಲ್ಲಿ ಪಿಟೀಲು ಪ್ರದರ್ಶನದಲ್ಲಿ ಭಾಗವಹಿಸುತ್ತಿದ್ದರು
23538826,ಇಲ್ಲಿ ಮಾತನಾಡುವ ತಮಿಳಿನ ಉಪಭಾಷೆ ಕೊಂಗು ತಮಿಳು
23635444,ನವ ದೆಹಲಿಯ ಸುತ್ತಮುತ್ತ ಅಕ್ವೇರಿಯಂಗಳನ್ನು ಹುಡುಕಿ.
23619978,ದಯವಿಟ್ಟು ಪ್ಯಾಸೆಂಜರ್ ಸೈಡ್ ಹಿಂದಿನ ಸೀಟಿನ ಸೊಂಟದ ಆಧಾರವನ್ನು ಹೆಚ್ಚಿಸಿ
23446000,ಮಧ್ಯ ಅಮೆರಿಕ ಸಂಯುಕ್ತ ಸಂಸ್ಥಾನಗಳ ಗಣರಾಜ್ಯ ಸ್ಥಾಪಿತವಾಯಿತು
23636298,ನಾನು ಚಿಕ್‌ಪೆಟ್‌ನಲ್ಲಿ ಸಮುದಾಯ ಕೇಂದ್ರಗಳನ್ನು ಹುಡುಕುತ್ತಿದ್ದೇನೆ.
23584010,ಆದರೂ ಮನುಷ್ಯ ಹಾಗೂ ಕೀಟಗಳಲ್ಲಿ ವಾಸನಾ ಪ್ರಚೋದನೆಯ ಕ್ರಿಯೆ ಬಹುತೇಕ ಒಂದೇ ಎಂದು ಹೇಳಲಾಗಿದೆ
23450770,ದಿ ಸ್ಟ್ರೇಂಜ್ ಕೆರಿಯರ್ ಆಫ್ ಜಿಮ್ ಕ್ರೌವ್
24049428,ಅಂದಿಗಾಗಲೆ ದೇಶದಲ್ಲಿ ಬೆಳೆಯುತ್ತಿದ್ದ ವಿಹಾರಗಳ ಸಂಖ್ಯೆ ೭ನೆಯ ಶತಮಾನದ ಎರಡನೆಯ ಪುಲಕೇಶಿಯ ಆಳ್ವಿಕೆಯ ಹೊತ್ತಿಗೆ ನೂರಕ್ಕೆ ಏರಿತ್ತು
23365578,ಜಯಾ ಎಂದೇ ಪರಿಚಿತರಾದ ಭಾರತೀಯ ಕನ್ನಡ ಚಿತ್ರನಟಿ ಮತ್ತು ರಂಗಭೂಮಿ ಕಲಾವಿದೆ
23348438,ಅಂದರೆ ಕಣ್ಣು ಮತ್ತು ಮನಸ್ಸು ಪದಾರ್ಥಗಳನ್ನು ಸ್ಪಷ್ಟ ರೂಪವಾಗಿಯೇ ತಿಳಿಯುತ್ತವೆ
23416002,ಈ ಕೃತಿಯ ಹಲವಾರು ಕನ್ನಡ ಅನುವಾದಗಳು ಹೊರಬಂದಿವೆ
23535466,ಈ ದ್ವಾರಗಳ ಸುತ್ತ ಒಂದು ನಿರ್ದಿಷ್ಟ ವಿಷಯದ ಬಗೆಗಿನ ಪಠ್ಯಗಳನ್ನು ಅಳವಡಿಸಲಾಗಿರುತ್ತದೆ
23397060,ಖನಿಜಗಳು ಮತ್ತು ಪಳೆಯುಳಿಕೆಗಳು ಈ ವರ್ಗಕ್ಕೆ ಸೇರುತ್ತವೆ
23429552,ಇವೆಲ್ಲವು ಮೃದ್ವಂಗಿ ಜಾತಿಗೆ ಸೇರಿದ ಮೀನುಗಳ ತಳಿಗಳಾಗಿವೆ
23615102,ದಯವಿಟ್ಟು ಡ್ರೈವರ್ ಬದಿಯ ಬಾಗಿಲನ್ನು ಹಾಕಿ ಮತ್ತು ಅದನ್ನು ಲಾಕ್ ಮಾಡು
23349898,ಅದು ಯಾವುದೇ ರೀತಿಯ ನೋವು ಉಂಟುಮಾಡುವುದು ಬೇಡ
23385544,ದೂರದರ್ಶನ ಕಾರ್ಯಕ್ರಮಗಳು ಸಾಮಾಜಿಕ ಜೀವನದಲ್ಲಿ ಹೊಸ ಅಲೆಯನ್ನು ಎಬ್ಬಿಸಿವೆ
23459734,ಸುಮಾರು ಇಪ್ಪತ್ತೆಂಟು ವರ್ಷಗಳ ಸುದೀರ್ಘ ಕಾಲಾವಧಿಯಲ್ಲಿ ಈ ಕಾವ್ಯ ರಚಿತವಾಗಿದೆ
23620068,ದಯವಿಟ್ಟು ಪ್ಯಾಸೆಂಜರ್ ಸೈಡ್ ಹಿಂಬದಿಯ ಸೀಟಿನ ಹೀಟರ್ ಅನ್ನು ಕನಿಷ್ಠ ಸೆಟ್ಟಿಂಗ್‌ಗೆ ಮಾಡಿ
23448862,ಸಾಕ್ಷಿಹಳ್ಳಿ ಶಿರಾ ತಾಲ್ಲೂಕಿನ ಒಂದು ಪುಟ್ಟ ಗ್ರಾಮ
23635742,ನಾನು ಎಂಜಿ ರೋಡ್‌ನಲ್ಲಿ ಬಾರ್ಗಳನ್ನು ಹುಡುಕುತ್ತಿದ್ದೇನೆ.
23611076,ದಯವಿಟ್ಟು ಎಲ್ಲಾ ಪ್ರಯಾಣಿಕರ ಬದಿಯ ಬಾಗಿಲುಗಳನ್ನು ತೆರೆಯಿರಿ
23453546,ಕೃಷ್ಣನಿಗೆ ತುಳಸಿಯ ವಿವಾಹ ಸಮಾರಂಭವು ಸಾಂಪ್ರದಾಯಿಕ ಹಿಂದೂ ವಿವಾಹವನ್ನು ಹೋಲುತ್ತದೆ
23433570,ಒಟ್ಟಾರೆ ಇಲ್ಲಿ ಸುಮಾರು ಹನ್ನೆರಡು ವಿಶ್ವವಿದ್ಯಾಲಯಗಳು ಇವೆ
23408758,ತಮ್ಮ ಸ್ನೇಹಿತರೊಡಗೂಡಿ ಅಲ್ಲಲ್ಲೆ ನಾಟಕಗಳನ್ನು ಪ್ರದರ್ಶಿಸುವುದರ ಜೊತೆಗೆ ನಾಟಕ ತಂಡಗಳಿಗೆ ಸಹಾಯ ಮಾಡುತ್ತಿದ್ದರು
23345478,ತನ್ನ ಹೊಟ್ಟೆಯ ಹೊರಭಾಗದಲ್ಲಿರುವ ಚೀಲಗಳಲ್ಲಿ ಮೊಟ್ಟೆಗಳನ್ನು ಇಟ್ಟುಕೊಂಡು ಕಾಪಾಡುತ್ತವೆ
23534598,ಗೋಣಿ ಮರದಲ್ಲಿ ಪರಾಗ ಸ್ಪರ್ಶ ವಿಶಿಷ್ಟ ರೀತಿಯದ್ದಾಗಿದೆ
23458164,ಇದೇ ಅವಧಿಯಲ್ಲಿ ಅಭಿವೃದ್ಧಿ ಹೊಂದಿದ ರಾಷ್ಟ್ರಗಳಲ್ಲಿ ಈ ಸಂಖ್ಯೆ ಇನ್ನೂ ಹೆಚ್ಚಿದೆ
23456722,ಮೋಕ್ಷಕ್ಕೆ ಕರ್ಮ ಮತ್ತು ಜ್ಞಾನ ಎರಡೂ ಅವಶ್ಯ
23988360,ಎಪ್ರಿಲ್ ೧೯೩೦ರಲ್ಲಿ ಗಾಂಧೀಜಿಯವರ ಉಪ್ಪಿನ ಸತ್ಯಾಗ್ರಹ ಪ್ರಾರಂಭವಾಯಿತು
23508232,ಕುಡಿಯುವ ನೀರಿನ ಸರಬರಾಜು ಕೇಂದ್ರವು ಕೃಷ್ಣಾ ನದಿಯ ನೀರನ್ನು ಸಂಸ್ಕರಿಸಿ ಸುತ್ತಲಿನ ಹಳ್ಳಿಗಳಿಗೆ ಕುಡಿಯುವ ನೀರನ್ನು ಒದಗಿಸುತ್ತದೆ
23565042,ಇದು ಕರ್ನಾಟಕ ರಾಜ್ಯದ ಪ್ರಮುಖ ರೈಲು ನಿಲ್ದಾಣಗಳಲ್ಲಿ ಒಂದಾಗಿದೆ
23473456,ಮೂರ್ತಿಪೂಜೆ ಮಾಡಬೇಕೋ ಬಿಡಬೇಕೋ ಅನ್ನೋ ಗೋಜಿಗೆ ಹೋಗದೆ ಇಷ್ಟಲಿಂಗ ಪೂಜೆಯು ಮೂರ್ತಿಪೂಜೆ ಅಲ್ಲ
23341928,ಭೌತಿಕ ಪರಿಶೀಲನೆಯು ಯಕೃತ್ತಿನ ಮೃದುತ್ವ ಅಥವಾ ಗಾತ್ರದ ಬಗ್ಗೆ ಮಾತ್ರ ತಿಳಿಯಪಡಿಸುತ್ತದೆ
24107922,ಯಾಕೆಂದರೆ ಇದು ಈ ಹಿಂದಿನ ನಾಗರಿಕತೆಯ ವಿನಾಶದ ನಂತರ ಜನ್ಮ ತಾಳಿತು
23479754,ಮೂಡಬಿದಿರೆ ಶ್ರೀ ಮಠದ ಸ್ವಾಮೀಜಿಗಳ ಮಾರ್ಗದರ್ಶನದಲ್ಲಿ ಇಲ್ಲಿಯ ಚೌಟರ ಅರಮನೆಯವರು ಪೂಜಾ ಕಾರ್ಯಗಳನ್ನು ನೆರವೇರಿಸುತ್ತಾರೆ
23345102,ಇವನ ಆಳ್ವಿಕೆಯ ಹದಿನಾಲ್ಕನೆಯ ವರ್ಷದಲ್ಲಿ ಕೊಡಗು ಬ್ರಿಟಿಷರ ವಶವಾಯಿತು
24201242,ಪರಿಶಿಷ್ಟ ಜಾತಿಗಳ ಜನಸಂಖ್ಯೆಯಲ್ಲಿ ಮಹಿಳೆಯರು ಶೇಕಡಾ ೫೨
24231964,೧೯೭೫ರಲ್ಲಿ ಕರ್ನಾಟಕ ವಿಶ್ವವಿದ್ಯಾಲಯವು ಇವರಿಗೆ ಗೌರವ ಡಾಕ್ಟರೇಟ್ ನೀಡಿ ಗೌರವಿಸಿತು
23565524,ರಾಮಾಯಣದ ನೃತ್ಯ ನಾಟಕ ಸಂಗೀತ ಸಂಯೋಜನೆಯ ಉಳಿದ ಕೆಲಸವನ್ನು ಎಸ್ ರಾಜಾರಾಮ್ ಮುಗಿಸಿದರು
23505816,ಆದರೆ ಕಿತ್ತಳೆ ಬಣ್ಣದ ಹುಲಿಗಳ ಸಂಕರದ ಬಿಳಿ ಹುಲಿಗಳಲ್ಲಿ ಈ ಮೆಳ್ಳೆಗಣ್ಣು ಕಾಣುವುದಿಲ್ಲ
23397344,ಹೀಗೆ ಹಿಡಿದರೆ ಆಟಗಾರ ತನ್ನ ಪಾಳಿ ಕಳೆದುಕೊಂಡಂತೆ
24067542,ರಾತ್ರಿ ಹಾಲು ಹಿಂಡಲು ಹೋದಾಗ ಅವನಿಗೆ ಆಶ್ಚರ್ಯವಾಯಿತು
23517302,ಮಂಟಪಗಳ ಚಾವಣಿಯ ಫಲಕಗಳಲ್ಲಿ ಅಲಂಕಾರಿಕ ಶಿಲ್ಪದ ಕೆಲಸವು ಉತ್ತಮವಾಗಿ ಕಂಡುಬರುತ್ತದೆ
23547342,ಈ ಪ್ರತಿಯೊಂದು ಕ್ಯಾಮೆರಾಗಳು ಸುತ್ತಮುತ್ತಲಿನ ಒಂದು ಸಣ್ಣ ಪ್ರದೇಶವನ್ನು ದಾಖಲಿಸುತ್ತವೆ
23446870,ಕೆಲವೊಂದು ದೇವಾಲಯ ಮತ್ತು ದೇವರುಗಳಿಗೆ ಮೃಗ ಪಕ್ಷಿಗಳೊಂದಿಗೆ ನಿಕಟವಾದ ಸಂಬಂಧವನ್ನು ಕಾಣುತ್ತೇವೆ
23593816,ಚಾಲಕನ ಬದಿಯ ಬಾಗಿಲುಗಳನ್ನು ಓಪನ್ ಮಾಡು
23488096,ತತ್ಪರಿಣಾಮವಾಗಿ ಅವನು ವಿಟಾಮಿನ್ ಮತ್ತು ಸತ್ವಯುತ ಆಹಾರ ಸೇವನೆಯಿಂದ ವಂಚಿತನಾಗುತ್ತಾನೆ
23381054,ಹೀಗೆ ರಕ್ತವನ್ನು ಸಂಗ್ರಹಿಸಿ ತಂದು ಹೃತ್ಕರ್ಣಕ್ಕೆ ಸೇರಿಸುವ ಕ್ರಿಯೆಯಲ್ಲಿ ಸೈನಸ್ ವಿನೋಸಸ್ ಎಂಬ ಇನ್ನೊಂದು ಕೋಣೆ ಪಾತ್ರವಹಿಸುತ್ತದೆ
23587106,ಇಸ್ತಾಂಬುಲ್‌ನಲ್ಲಿ ಸಮಯ ಎಷ್ಟು?
23432116,ಈ ತಾಣದಲ್ಲಿ ಈಗಾಗಲೆ ಸುಮಾರು ಎಂಟು ನೂರಕ್ಕೂ ಹೆಚ್ಚು ಪುಸ್ತಕಗಳನ್ನು ವಿವಿಧ ಪ್ರಕಾಶಕರು ಹಾಗೂ ಲೇಖಕರು ಸೇರಿಸಿದ್ದಾರೆ
23516984,ಇದು ಭೂಮಿಯಲ್ಲಿ ಅಜುರೈಟ್ ಮತ್ತು ಮ್ಯಾಲಕೈಟ್ ಎಂಬ ಖನಿಜಗಳ ರೂಪದಲ್ಲಿ ದೊರೆಯುವುದು
23418964,ರಾವಣನ ಸಹೋದರ ವಿಭೀಷಣನು ಪುಷ್ಪಕ ವಿಮಾನದ ಬಳಿ ನಾಲ್ಕು ದಂತಗಳ ಆನೆಯ ಮೇಲೆ ಸವಾರಿ ಮಾಡುತ್ತಾ ಬಿಳಿಯ ವಸ್ತ್ರಗಳನ್ನು ಧರಿಸಿದ್ದಾನೆ
23426962,ಅವರು ಬಹಳ ದಿನಗಳಿಂದ ಅನಾರೋಗ್ಯದಿಂದ ಹಾಸಿಗೆ ಹಿಡಿದಿದ್ದರು
23552792,ಗರ್ಭಿಣಿ ಮತ್ತು ಹಾಲುಣಿಸುವ ತಾಯಂದಿರಿಗೆ ಸುಧಾರಿತ ಆರೋಗ್ಯ ಮತ್ತು ಪೋಷಣೆಗಾಗಿ ನಗದು ಪ್ರೋತ್ಸಾಹವನ್ನು ಒದಗಿಸುವುದು
23536020,ದೇವರಾಯನ ದುರ್ಗ ನರಸಿಂಹ ಸ್ವಾಮಿ ದೇವಸ್ಥಾನವಿರುವ ಪುಣ್ಯಕ್ಷೇತ್ರವಾಗಿದೆ
23578992,ಪ್ರತಿಭಟನೆಯ ಕಾರಣಕ್ಕೆ ಯಾವುದೇ ರೈಲುಗಳ ಮಾರ್ಗ ಬದಲಾವಣೆ ಅಥವಾ ರದ್ದತಿ ಮಾಡಿರಲಿಲ್ಲ ಎಂದು ಅವರು ತಿಳಿಸಿದ್ದಾರೆ
23558678,ಉನ್ನತ ಮಟ್ಟದ ಸಾಹಿತ್ಯ ಜನರ ಮನಸ್ಸಿನಲ್ಲಿ ಹೆಚ್ಚು ಕಾಲ ಉಳಿಯುತ್ತದೆ
23503664,ಮೊದಲು ಇವರು ಮತ್ತು ಇವರ ತಂದೆಯವರು ವಿಜಯನಗರದ ಆಳ್ವಿಕೆಯಲ್ಲಿದ್ದ ರಾಜ್ಯಗಳಲ್ಲಿ ಕೆಲಸ ಮಾಡುತಿದ್ದರು
23459050,ವಿಶ್ವಾದ್ಯಂತ ಹರಡಿದ್ದ ಹಕ್ಕಿ ಜ್ವರದ ಕಾರಣ ಈ ವಿಚಾರದಲ್ಲಿ ಸಾಕಷ್ಟು ಆಸಕ್ತಿ ವಹಿಸಲಾಗಿತ್ತು
23327802,ಸಂಮೋಹನದ ಚಿಕಿತ್ಸೆಯು ಈ ತತ್ತ್ವದ ಮೇಲೆ ಆಧರಿಸಿದೆ
23364068,ಹಣಕಾಸಿನ ಅರ್ಥಶಾಸ್ತ್ರ ಸಾಮಾನ್ಯವಾಗಿ ಸ್ನಾತಕೋತ್ತರ ಮಟ್ಟದಲ್ಲಿ ಕಲಿಸಲಾಗುತ್ತದೆ
23452340,ಇದು ಏಳು ಐಐಟಿಗಳು ಮತ್ತು ಐಐಎಸ್ಸಿ ಬೆಂಗಳೂರಿನ ಜಂಟಿ ಉಪಕ್ರಮವಾಗಿದೆ
23529476,ಸ್ಪರ್ಧೆ ನೀತಿಯನ್ನು ಆಗಾಗ್ಗೆ ಗ್ರಾಹಕರಿಗೆ ಬೆಲೆಯ ವಿಷಯದಲ್ಲಿ ಸಂಪೂರ್ಣವಾಗಿ ಚರ್ಚೆಯಲ್ಲಿದೆ
23499330,ಅಂದಿನ ಧಾರ್ಮಿಕ ವ್ಯವಸ್ಥೆಯನ್ನು ಒಪ್ಪದೆ ಶಿಕ್ಷಕ ವೃತ್ತಿ ತ್ಯಜಿಸಿ ನ್ಯೂ ಇಂಗ್ಲೆಂಡಿಗೆ ವಲಸೆ ಹೋದ
23413700,ಈ ಚಿತ್ರವನ್ನು ಮೊಹಮದ್ ಗೌಸ್ ಅವರು ನಿರ್ದೇಶನ ಮಾಡಿದ್ದರು
23516020,ಈ ಆಯ್ದ ಅಲಂಕಾರಿಕ ಮರದ ತುಂಡುಗಳು ಸಹ ಸೌಂದರ್ಯದ ನೋಟವನ್ನು ಮತ್ತಷ್ಟು ಫಿಲ್ಟರ್ ಮಾಡುವ ಉಪವರ್ಗಗಳನ್ನು ಹೊಂದಿವೆ
23441636,ಅದು ಗೆದ್ದಲುಗಳ ಮೇಲೆ ಜೀವಿಸುವ ಇದು ಬಹುತೇಕ ಭೂಮಿಯೊಳಗೆ ಇರುತ್ತದೆ
24078238,೧೬೦೦ರಲ್ಲಿ ಇಂಗ್ಲೆಂಡಿನಲ್ಲಿ ಚಕ್ರಾದಿಪತ್ಯ ಸ್ಥಾಪಿಸಿದ ಕೂಡಲೇ ರಂಗಶಾಲೆಗಳ ಪುನಃ ತೆರೆದವು
23400488,ಇಂಗ್ಲಿಷಿನ ಸಾಮಾನ್ಯ ಬಳಕೆಯ ಹೆಸರು ಸ್ವೀಟ್ ಬೇಸಿಲ್
23369606,ವಾರ್ಷಿಕ ಉತ್ಸವವು ಹಳ್ಳಿಗಳು ಮತ್ತು ಅವುಗಳ ಸ್ಥಳೀಯ ಪದ್ಧತಿಗಳನ್ನು ಅವಲಂಬಿಸಿ ಬದಲಾಗುತ್ತದೆ
23525770,ಸಾನ್ ಮರಿನೊ ವಿಶ್ವದ ಅತಿ ಪುರಾತನ ಗಣರಾಜ್ಯವೆಂದು ಹೇಳಲಾಗುತ್ತದೆ
23379584,ಅವರು ಉತ್ತಮ ನಟನೆಯಿಂದ ತೆಲುಗು ಮತ್ತು ತಮಿಳು ಚಿತ್ರರಂಗದಲ್ಲಿ ಲೀಡಿಂಗ್ ಆಕ್ಟ್ರೆಸ್ ಆಗಿ ಪ್ರಸಿದ್ಧಿ ಪಡೆದುಕೊಂಡರು
23549202,ಗುಲಾಮನ ಶ್ರಮಕ್ಕೆ ಪ್ರತಿಯಾಗಿ ಊಟ ವಸತಿಗಳನ್ನು ಒಡೆಯ ಒದಗಿಸುತ್ತಿದ್ದ
23348780,ಬಾರ್ಲಿಯನ್ನು ಹೆಚ್ಚಿನ ಪ್ರಮಾಣದಲ್ಲಿ ಮೊಳಕೆ ಕಟ್ಟಿಸಲು ಬಳಸಲಾಗುತ್ತದೆ
23529634,ರಾಜ್ಯ ತಮಗಿಂತಲೂ ಮಹತ್ತರವಾದ್ದು ಎಂಬ ನಂಬುಗೆ ಅವರಿಗೆ ಇರಬೇಕು
23367408,ಆದರೆ ಈ ಪ್ರದೇಶಗಳು ಸರ್ಕಾರದಲ್ಲಿ ಪ್ರಾತಿನಿಧ್ಯವನ್ನು ಹೊಂದಿಲ್ಲ
23511276,ಮೇಲ್ದರ್ಜೆಗೇರಿಸುವ ಅನೇಕ ವರ್ಷಗಳ ಮೊದಲೇ ಈ ಕ್ಯಾಮೆರಾಗಳನ್ನು ಬಳಸಲಾಗಿತ್ತು
23514814,ವೃತ್ತಾಕಾರದ ಕಟ್ಟೆಯಿಂದ ಹೊರಗೆ ಹೋಗಲು ಅನೇಕ ಕಡೆ ದಾರಿಗಳಿವೆ
23380880,ಶ್ರೀ ಸಾಹಿತ್ಯ ಪ್ರಶಸ್ತಿ ದಾರಿ ದೀಪ ಪ್ರಶಸ್ತಿ
23479580,ಎಲ್ಲಕ್ಕಿಂತ ಹೆಚ್ಚಾಗಿ ಜೀವನ ನಡೆಸುವುದಕ್ಕೆ ಸಂಬಂಧಿಸಿದಂತೆ ಆರಂಭಿಕ ವರ್ಷಗಳು ಸಂಜುಕ್ತ ಮತ್ತು ಅವರ ಪತಿಗೆ ಸವಾಲಾಗಿತ್ತು
23351554,ಇದು ಅವರು ತಾವೇ ಬೇಕಾಗಿ ಬರಮಾಡಿಕೊಂಡ ಬದಲಾವಣೆ
23384048,ಇದು ಗಣೇಶ ದೇವರಿಗೆ ಅರ್ಪಿತವಾದ ಬೆಟ್ಟದ ಮೇಲಿನ ದೇವಾಲಯವಾಗಿದೆ
23515794,ಕೆಲವರು ಸಾಮಾನ್ಯ ಕಥಾವಸ್ತುವನ್ನು ರೂಪಿಸುತ್ತಾರೆ ಮತ್ತು ನಟರು ಸಂಭಾಷಣೆಯನ್ನು ಸುಧಾರಿಸಲು ಅವಕಾಶ ನೀಡುತ್ತಾರೆ
23344368,ಆದ್ದರಿಂದ ಅವನ್ನು ಅಧಿಕ ಸಂಖ್ಯೆಯಲ್ಲಿ ಒಟ್ಟೊಟ್ಟಿಗೆ ತಯಾರಿಸುವ ಪದ್ಧತಿ ಬೆಳೆದಿಲ್ಲ
23386402,ಕರ್ನಾಟಕ ಲಕ್ಷಣಗಳು ಭೂಮಿಯ ಮೇಲೆ ಸ್ವಾಭಾವಿಕವಾಗಿ ರಚಿಸಲಾದ ಲಕ್ಷಣಗಳಾಗಿವೆ
23376074,ಕಾಲಕ್ರಮೇಣ ಮುಖಂಡರ ಪ್ರಭಾವ ಬೆಳೆದು ಅವರು ರಾಜರಾದರು
23482626,ನಾಟಕ ವಿಮರ್ಶೆ ಅವರ ಪಾಲಿಗೆ ಬಂದ ಕೆಲಸವಾಗಿತ್ತು
23346250,ಇಲ್ಲಿ ದೃಶ್ಯ ಮಾಹಿತಿಗಳನ್ನು ಹುಟ್ಟಿಸುವ ಹಾಗೂ ಸಂಸ್ಕರಿಸುವ ಪದ್ಧತಿಗಳ ಅಧ್ಯಯನ ಮಾಡಲಾಗುತ್ತದೆ
23364652,ಹೈಡ್ರೊಕ್ಲೋರಿಕ್ ಆಮ್ಲದ ಅತಿ ಮುಖ್ಯ ಬಳಕೆ ಉಕ್ಕಿನ ಕೈಗಾರಿಕೆಗಳಲ್ಲಿ ಇದೆ
23465472,ಹಲವು ಹಂತದ ಹತ್ತಾರು ಸಂಸ್ಥೆಗಳನ್ನು ಕಟ್ಟಿ ಬೆಳೆಸಿದರು
23468786,ದ ಗುಪ್ತಚರ ಸಮೂಹ ವಿಭಾಗದ ಪ್ರಮುಖ ಕೊಂಡಿಯಾಗಿದೆ
23462250,ಇದೇ ಬಳ್ಳಿಗಾವೆಯ ಹತ್ತಿರವಿರುವ ಕೋಡಿಮಠ ಕಾಳಾಮುಖ ಶೈವರ ಪ್ರಮುಖ ಕೇಂದ್ರ
23360938,ರೋಹಿಣಿ ಗೋಡ್ಬೋಲೆ ಭಾರತೀಯ ಭೌತಶಾಸ್ತ್ರ ಮತ್ತು ಶೈಕ್ಷಣಿಕ ಕ್ಷೇತ್ರದಲ್ಲಿ ಕಾರ್ಯ ನಿರ್ವಹಿಸುತ್ತಿದ್ದಾರೆ
23635402,ನರಕ ಚತುರ್ದಶಿಗೆ ಎಷ್ಟು ದಿನಗಳು ಬಾಕಿ ಉಳಿದಿವೆ?
23494592,ಆದಾಗ್ಯೂ ಇದನ್ನು ಮೂಲತಃ ಲಾಹೋರ್ ನಲ್ಲಿ ಪ್ರತಿಷ್ಠಾಪಿಸಲಾಗಿತ್ತು
23550646,ಸುಮಾರು ಎರಡೂವರೆ ಅಡಿ ಉದ್ದದ ಈ ಬಿದಿರ ಕೊಳವೆ ಒಂದು ದೊಡ್ಡ ಕೊಳಲು
23332086,ಇದಕ್ಕೆ ಪ್ರಮುಖ ಕಾರಣ ಈ ಕಲ್ಪನೆಯು ದ್ಯುತಿವಿದ್ಯುತ್ ಪರಿಣಾಮದ ವಿಚಿತ್ರ ಗುಣವಿಶೇಷಗಳನ್ನು ವಿವರಿಸಲು ಸಾಧ್ಯವಾಗಿದ್ದು
23487388,ಶ್ರೀಮಂತ ಆದರೆ ಮೂಢನಂಬಿಕೆಯ ರಿಯಲ್ ಎಸ್ಟೇಟ್ ವ್ಯಾಪಾರಿಯ ಏಕೈಕ ಮಗ ಪ್ರೀತಂ
23350948,ವಿಶ್ವವಿದ್ಯಾಲಯ ಸ್ಥಾಪನೆಯ ಕಾಯಿದೆಯಲ್ಲಿ ಮಹಿಳೆಯರಿಗೆ ಶಿಕ್ಷಣ ಕೊಡಲು ಅವಕಾಶವಿರಲಿಲ್ಲ
23498430,ಇದು ನಾಲಿಗೆಗೆ ಹೆಚ್ಚು ರುಚಿ ನೀಡುವ ಜೊತೆಗೆ ಆರೋಗ್ಯಕ್ಕೂ ತುಂಬಾ ಒಳ್ಳೆಯದು
24002806,ಸೂಪರ್ಕ್ರಿಟಿಕಲ್ ಉಗಿ ಪೂರೈಕೆ ಮತ್ತು ಉತ್ಪಾದಕಗಳನ್ನು ಸರಬರಾಜು ಮಾಡಲು ಗುತ್ತಿಗೆ ನೀಡಲಾಯಿತು
24279388,ಲಕ್ನೋ ಸೂಪರ್ ಜೈಂಟ್ಸ್‌ ಆಡಿದ ಕೊನೆಯ ೫ ಪಂದ್ಯಗಳ ಸ್ಕೋರ್‌ಗಳನ್ನು ನನಗೆ ಕೊಡಿ.
23332972,ಅತಿ ಹೆಚ್ಚಿನ ಪ್ರಮಾಣದ ರಂಜಕವು ಕಬ್ಬಿಣವನ್ನು ನಿರುಪಯುಕ್ತ ವಸ್ತುವನ್ನಾಗಿ ಮಾಡುತ್ತದೆ
23410022,ಈ ನಿಘಂಟಿನ ಪ್ರತಿಯೊಂದು ಪುಟದಲ್ಲೂ ಎರಡೆರಡು ಅಂಕಣಗಳಿದ್ದು ಒಂದೊಂದು ಅಂಕಣದಲ್ಲಿ ನಲವತ್ತಾರು ಪಂಕ್ತಿಗಳಿವೆ
23966822,ಒಂದು ಪರಮಾಣು ಬಾಂಬು ಹಾಗೂ ಇನ್ನೊಂದು ಜಲಜನಕ ಬಾಂಬು
23422140,ಇನ್ನೊಂದು ವಿವರಣೆಯು ಅವಳ ಕೂದಲನ್ನು ಕೆಂಪು ಹೂವುಗಳಿಂದ ಹೂಮಾಲೆಯಿಂದ ಅಲಂಕರಿಸಲಾಗಿದೆ ಎಂದು ಹೇಳುತ್ತದೆ
23475426,ಉದಾಹರಣೆಗೆ ಒಂದು ದೊಡ್ಡ ಕಟ್ಟೆಯ ಜಲಾಶಯದಲ್ಲಿ ಸಂಗ್ರಹವಾದ ನೀರಿನ ಮೊತ್ತ ಸಾಕಷ್ಟು ಇರುವಾಗ ಅದರ ಒತ್ತಡ ಅಧಿಕವಾಗಿರುತ್ತದೆ
23583754,ನಂತರ ತಕ್ಷಕನು ಅರ್ಪಿಸಿದ ಉಡುಗೊರೆಗಳನ್ನು ಸ್ವೀಕರಿಸಿ ಹೊರಟುಹೋದನು
23347514,ಅವರು ವಿಜಯನಗರದ ತಿರುಮಲ ನಾಯಕನನ್ನು ಬಿಜಾಪುರ ಸುಲ್ತಾನರಿಂದ ಆಶ್ರಯಿಸಿದರು
23384786,ಸಾಮಾನ್ಯವಾಗಿ ಇವನ್ನು ಪರ್ವತಗಳ ತಪ್ಪಲು ಪ್ರದೇಶದಲ್ಲಿ ಕಾಣಬಹುದು
23476694,ಉಪಾಧ್ಯೆ ಚಿನ್ನದ ಪದಕದೊಡನೆ ಮೈಸೂರು ವಿಶ್ವವಿದ್ಯಾಲಯದಿಂದ ಪಡೆದ ಪಿಎಚ್
23431156,ಎರಡೂ ಪಂಥಗಳು ಪಂಚ ಸಂಸ್ಕಾರದ ಮೂಲಕ ದೀಕ್ಷೆಯನ್ನು ನಂಬುತ್ತವೆ
23399144,ಇಷ್ಟೆಲ್ಲ ಪ್ರಗತಿಯನ್ನು ಸಾಧಿಸಿದ ಮನುಷ್ಯನಿಗೆ ಇದೊಂದು ಮಾತ್ರ ನುಂಗಲಾರದ ತುತ್ತಾಗಿ ತೋರುವುದಿಲ್ಲ
23517286,ಕರ್ನಾಟಕ ರಾಜ್ಯದ ಕೊಪ್ಪಳ ಜಿಲ್ಲೆ ಸಾಕಷ್ಟು ಪೌರಾಣಿಕ ಐತಿಹಾಸಿಕ ಸ್ಥಳಗಳನ್ನು ಒಳಗೊಂಡಿರುವ ಜಿಲ್ಲೆಯಾಗಿದೆ
23937324,೧೮೦೦ ಮೀಟರ್ ಎತ್ತರದ ಕತ್ತರಿ ಬೆಟ್ಟ ಅತ್ಯಂತ ಎತ್ತರದ ಬೆಟ್ಟವಾಗಿದೆ
23329500,ಈ ಆಚರಣೆಗಳಲ್ಲಿ ಪ್ರಾಥಮಿಕವಾಗಿ ಸ್ಥಳೀಯ ಗ್ರಾಮಸ್ಥರು ಪಾಲ್ಗೊಳ್ಳುತ್ತಾರೆ ಮತ್ತು ಕೆಲವೇ ವೀಕ್ಷಕ ಪ್ರವಾಸಿಗರನ್ನು ಗಳಿಸುತ್ತಾರೆ
23959842,೧೯೪೪ ರಲ್ಲಿ ಪಕ್ಕದ ಪ್ರದೇಶದೊಂದಿಗೆ ಈ ಕೋಟೆಯನ್ನು ಭಾರತೀಯ ಮಿಲಿಟರಿಗೆ ಹಸ್ತಾಂತರಿಸಲಾಯಿತು
23390634,ಶ್ರೀನಗರದ ಕವಿಗಳ ಸ್ಮಶಾನದಲ್ಲಿ ಇವನನ್ನು ಸಮಾಧಿ ಮಾಡಲಾಗಿದೆ
23352206,ಈ ಚಲನಚಿತ್ರ ಅತ್ಯಂತ ಹೆಚ್ಚು ಹಣ ಗಳಿಸಿದ ಭಾರತೀಯ ಚಲನಚಿತ್ರಗಳಲ್ಲಿ ಒಂದಾಗಿದೆ
24105032,ಅವು ಹುಟ್ಟಿದ ಹಿನ್ನೆಲೆಯಲ್ಲಿರುವ ಒಂದು ಬಗೆಯ ಒರಟುತನ ಅವುಗಳಲ್ಲಿ ಎದ್ದುಕಾಣುತ್ತದೆ
23529594,ಮಾರ್ಕ್ಸ್ವಾದಿ ವಿದ್ವಾಂಸ ಅವರು ಕೇರಳದ ಅಭಿವೃದ್ಧಿಗೆ ಇವರು ಮೊದಲ ಮುಖ್ಯಮಂತ್ರಿಯಾಗಿದ್ದರು
23635870,ನಾನು ಕನ್ನಾಟ್ ಪ್ಲೇಸ್‌ನಲ್ಲಿ ವ್ಯಾಪಾರ ಕೇಂದ್ರಗಳನ್ನು ಹುಡುಕುತ್ತಿದ್ದೇನೆ.
23545244,ಇದರೊಂದಿಗೆ ಸೈಲೋಸಿಬಿನ್ ಮತ್ತು ಇತರ ಸೈಕೆಡೆಲಿಕ್ ಔಷಧಿಗಳ ಮಾನಸಿಕ ಮತ್ತು ಧಾರ್ಮಿಕ ಅಧ್ಯಯನವನ್ನು ಉತ್ತೇಜಿಸಿದರು
23468952,ಪುಂಕೇಸರ ಕೊಳವೆ ಬಹು ಉದ್ದವಾಗಿದ್ದು ಶಲಾಕೆಯನ್ನು ಸಂಪೂರ್ಣ ಸುತ್ತುವರಿದಿದೆ
23564616,ಬಲ್ಲಾಳ್ ಅವರು ಭಾರತದ ಕರ್ನಾಟಕದ ಕರಾವಳಿ ಜಿಲ್ಲೆಯ ಉಡುಪಿಯಲ್ಲಿ ಜನಿಸಿದರು
23958568,ಇದು ನನ್ನ ಮೊದಲ ಸಾಮಾಜಿಕ ನೂಕು ನುಗ್ಗಲು
23948048,೪ ನೆಯ ದಿನ ಪ್ರಾರಂಭ ಪೂರ್ಣಿಮಾ ಭಾದ್ರಪದ ೧೪ ರ ವರೆಗೆ
23477700,ಸಿಲಿಕಾ ಗ್ಲಾಸ್ ನ್ನು ವಿವಿಧ ವಸ್ತುಗಳ ಜೊತೆ ಸೇರಿಸಬಹುದು
23353958,ಅವನು ತನ್ನ ಮೊದಲ ಸಂಗೀತ ಸಂಪನ್ಮೂಲಗಳನ್ನು ಪ್ರಕಟಿಸಿದ್ದನು
23422680,ಅಪ್ರಾಮಾಣಿಕ ಉದ್ಯೋಗಿಗಳಿಂದ ಉಂಟಾಗುವ ನಷ್ಟಗಳ ವಿರುದ್ಧ ಉದ್ಯಮಕ್ಕೆ ಸಾಮಾನ್ಯವಾಗಿ ಈ ವಿಮೆ ರಕ್ಷಣೆ ನೀಡುತ್ತದೆ
23633054,ನನಗೆ ಕಾರ್ತವ್ಯ ಮಾರ್ಗದಲ್ಲಿ ಶಾಪಿಂಗ್ ಮಾಲ್‌ಗಳನ್ನು ಹುಡುಕಲು ಸಹಾಯ ಮಾಡಿ.
23417624,ಈ ಕಾರ್ಖಾನೆಗಳು ಕಬ್ಬಿಗೆ ಅತೀ ಹೆಚ್ಚು ಬೆಲೆ ನೀಡುತ್ತಿರುವುದು ಬಹುದೊಡ್ಡ ಸಾಧನೆ
23381952,ಜೊತೆಗೆ ಸಂಪೂರ್ಣ ಬಾಂಗ್ಲಾದೇಶ ಮತ್ತು ಪಾಕಿಸ್ತಾನದ ನಿಬಿಡ ಜನವಸತಿಯುಳ್ಳ ಭಾಗಗಳನ್ನು ಸಹ ಒಳಗೊಂಡಿದೆ
23564296,ಹಿಂದೂ ದೇವಸ್ಥಾನಗಳಲ್ಲಿ ಕುಂಕುಮವನ್ನು ರಾಶಿ ರಾಶಿಯಾಗಿ ಇಟ್ಟಿರುತ್ತಾರೆ
23586762,ಇಲ್ಲಿ ಸುತ್ತಮುತ್ತ ಇರುವ ಬೊಟಾನಿಕಲ್ ಗಾರ್ಡನ್ ಅನ್ನು ಪಟ್ಟಿಯನ್ನು ನನಗೆ ಕೊಡಿ.
23337466,ಕಡೇ ಶಿವಾಲಯದ ಬಳಿ ಶಿವಲಿಂಗವೂ ನರಸಿಂಹ ಲಿಂಗವೂ ಜೊತೆಯಾಗಿರುವುದು ಇದಕ್ಕೆ ಆಧಾರವಾಗಿದೆ
24225258,ದೇವಾಲಯವು ೧೫೯೦ರಲ್ಲಿ ನಿರ್ಮಾಣವಾಗಿರುವ ಅದೇ ಶತಮಾನದಲ್ಲಿ ರಚನೆಯಾದ ಪಟ್ಟಣದ ನಂತರದ ವಾಸ್ತುಶಿಲ್ಪವಾಗಿದೆ
23352098,ಈ ಚಿತ್ರೀಕರಣಕ್ಕೆ ಮೊದಲು ಈ ದೃಶ್ಯಕ್ಕೆ ಗ್ರಾಫಿಕ್ ಪ್ರಾತಿನಿಧ್ಯವನ್ನು ಯೋಚಿಸಲಾಗಿತ್ತು ಆದರೆ ಅದನ್ನು ತಂಡದ ಸದಸ್ಯರು ಒಪ್ಪಲಿಲ್ಲ
23545554,ಕೃಷ್ಣ ಚಂದ್ರ ಮಜುಂದಾರ್ ಈ ಪತ್ರಿಕೆಯ ಮೊದಲ ಸಂಪಾದಕರಾಗಿದ್ದರು
23443904,ಲೇಕರ್ ಈ ಪ್ರಶಸ್ತಿಯನ್ನು ಗೆದ್ದ ಮೊದಲ ಕ್ರಿಕೆಟಿಗ
23349642,ಎಲ್ಲ ದೇಶಗಳ ಕಾನೂನುಗಳಲ್ಲೂ ಸ್ಥೂಲವಾಗಿ ಈ ಎರಡು ತತ್ತ್ವಗಳು ಅಂತರ್ಗತವಾಗಿರುತ್ತವೆ
23414944,ಒಮ್ಮೆ ತನ್ನ ತಂದೆಯ ಮನೆಗೆ ಬಂದವನು ಮತ್ತೆ ಚಿಕ್ಕಮ್ಮನ ಮನೆಗೆ ಹೋಗಲೇ ಇಲ್ಲ
23518360,ಸುಗ್ಗಿಯ ಸಂಭ್ರಮ ಶುಕ್ರವಾರ ಜನರಲ್ಲಿ ಸಂತೋಷವನ್ನು ತಂದುಕೊಡುತ್ತದೆ
24062366,೨೦ ಮೀಟರ್ ತೆರವುಗೊಳಿಸಿದರು ಮತ್ತು ಫೊಸ್ಬರಿ ತನ್ನ ಮೊದಲ ಪ್ರಯತ್ನದಲ್ಲಿ ಪ್ರತಿ ಎತ್ತರವನ್ನು ತೆರವುಗೊಳಿಸಿದ ಕಾರಣದಿಂದ ಮುನ್ನಡೆದರು
23503570,ಈ ಸ್ಥಳವನ್ನು ಮುಕ್ತಿ ಸ್ಥಲ ಎಂದೂ ಕರೆಯುತ್ತಾರೆ
23547442,ಆದರೆ ಅವುಗಳ ನ್ಯೂನ ಹಂಚಿಕೆ ಒಂದು ದೊಡ್ಡ ಸಮಸ್ಯೆ
23585490,ಮಡದಿಯ ಇಚ್ಛೆಯಂತೆ ಪರಮೇಶ್ವರ ಹಂದಿಗೆ ಜೀವದಾನ ಮಾಡಿದರು
23397198,ಇದು ಮೇ ಬಗ್ಗೆ ತೀವ್ರ ಟೀಕೆಗಳನ್ನು ಹೊಂದಿದ್ದರಿಂದ ವಿವಾದಾತ್ಮಕವಾಯಿತು
23389794,ಕೆಲವು ಬಾರಿ ಒಂದು ದೊಡ್ಡ ತಟ್ಟೆಯಲ್ಲಿ ಎಲ್ಲರೂ ಒಟ್ಟಾಗಿ ಕುಳಿತು ತಿನ್ನಲಾಗುತ್ತದೆ
23585950,ಆಧುನಿಕ ಜಗತ್ತಿಗೆ ಪೂರಕವಾಗಿರುವ ಆವಿಯ ಯಂತ್ರ ವಿಜ್ಞಾನದ ಆವಿಷ್ಕಾರವೂ ಹೌದು ಹಾಗೆಯೇ ಆಧುನಿಕರಣದ ಸಂಕೇತವಾಗಿದೆ
23425144,ಅವರು ಎರಡೂ ಚಿತ್ರಗಳಲ್ಲಿ ಹಾಡುಗಳನ್ನು ರೆಕಾರ್ಡ್ ಮಾಡಿದ್ದಾರೆ
23461492,ಭಾರತದಾದ್ಯಂತ ಹರಡಿದ ಅನುಭಾವದ ಜನಪ್ರಿಯತೆಯಿಂದಾಗಿ ಭಕ್ತಿ ಚಳುವಳಿಯು ಗೌರವವನ್ನು ಗಳಿಸಿತು
23611248,ದಯವಿಟ್ಟು ಎಲ್ಲಾ ಬಲಬದಿಯ ಸೀಟುಗಳನ್ನು ಕೆಳಕ್ಕೆ ಸರಿಸುವಿರಾ
23354306,ಮರದ ಕಾಂಡದ ಸುತ್ತಲೂ ದಾರವನ್ನು ಸುತ್ತಲಾಗುತ್ತದೆ ಮತ್ತು ತಾಮ್ರದ ನಾಣ್ಯಗಳನ್ನು ನೀಡಲಾಗುತ್ತದೆ
23397790,ಕೆರ್ ಮೆಟ್ರಿಕ್ ಪರಿಭ್ರಮಿಸುವ ಕಪ್ಪು ಕುಳಿಯನ್ನು ವಿವರಿಸುತ್ತದೆ
23334824,ಕ್ಲೆಮೆನ್ಸ್ ಅವರ ಭಾಷಾಂತರ ಮತ್ತು ವಲ್ಗೇಟ್ ಚಿತ್ರಣದ ನಡುವೆ ಲಿಂಗಗಳ ನಡುವಿನ ವರ್ತನೆಯ ಭಿನ್ನತೆಗಳು ಪಾಂಡಿತ್ಯಪೂರ್ಣ ವಿಶ್ಲೇಷಣೆಯ ಪ್ರಮುಖ ಅಂಶವಾಗಿದೆ
23406986,ಇತರ ನಿರ್ಮಾಪಕ ನೇರ ಪ್ರತಿಕ್ರಿಯೆಯಾಗಿ ಬೆಲೆಗಳಲ್ಲಿ ಸ್ಪರ್ಧೆ
23565212,ನಾರಾಯಣನ ಸುಂದರ ಪ್ರತಿಮೆ ಇರುವ ದೊಡ್ಡ ದೇವಾಲಯವೊಂದು ಸನಿಯದಲ್ಲೇ ಇದೆ
23488522,ಅವನ ಮುಖ್ಯ ಕಾರ್ಯ ರಾಜ್ಯದ ಮುಂದಿನ ಉತ್ತರಾಧಿಕಾರಿಯನ್ನು ಹುಡುಕುವುದಾಗಿತ್ತು
23501958,ಸೈನಿಕ ಕಾರ್ಯಾಚರಣೆಯ ಎಲ್ಲಾ ಕೆಲಸಗಳಲ್ಲಿ ಆತ ತನ್ನ ನಾಯಕತ್ವ ತೋರಿಸಿದ ಬಗ್ಗೆ ಇವುಗಳಲ್ಲಿ ವಿವರಿಸಲಾಗಿದೆ
23353088,ಸಂಪರ್ಕ ಅಂದರೆ ಒಬ್ಬ ವ್ಯಕ್ತಿಯು ತಿಳಿದ ವಿಚಾರಗಳನ್ನು ಮತ್ತೊಬ್ಬ ವ್ಯಕ್ತಿಗೆ ವರ್ಗಾಯಿಸುವುದು
24086504,ಇತರ ಲಕ್ಷಣಗಳು ತಲೆನೋವು ಹಾಗೂ ಕಣ್ಣಿನ ಬಳಲಿಕೆಯನ್ನು ಒಳಗೊಳ್ಳಬಹುದು
23485924,ಫ಼ಾಫ಼ಡಾ ಒಂದು ಜನಪ್ರಿಯ ಗುಜರಾತಿ ಲಘು ಆಹಾರವಾಗಿದೆ
23329048,ಅವನು ಗುರಿಯನ್ನು ಕತ್ತಿಯಿಂದ ಒಂದು ಸಾರಿ ಮುಟ್ಟಿದರೆ ಒಂದು ಅಂಶ ಗೆದ್ದಂತೆ
23419852,ದಾಳಿಯಲ್ಲಿ ಎಷ್ಟು ಜನರು ಭಾಗಿಯಾಗಿದ್ದರು ಎಂಬ ಪ್ರಶ್ನೆಗೂ ಆರೋಪಪಟ್ಟಿ ಉತ್ತರ ಕೊಟ್ಟಿದೆ
23469072,ಡೈರಿಚ್ಲೆಟ್ ಇಂಟಿಗ್ರಲ್ ಅನ್ನು ಆಧರಿಸಿದ ಡೈರಿಚ್ಲೆಟ್ ವಿತರಣೆ ಮತ್ತು ಡೈರಿಚ್ಲೆಟ್ ಪ್ರಕ್ರಿಯೆಗೆ ಅವರ ಹೆಸರನ್ನು ಇಡಲಾಗಿದೆ
24095764,ರಾಮಚಂದ್ರರಾವ್ ಅವರಿಗೆ ೧೯೮೬ರ ವರ್ಷದ ಕರ್ನಾಟಕ ರಾಜ್ಯ ಸರ್ಕಾರದ ರಾಜ್ಯೋತ್ಸವ ಪ್ರಶಸ್ತಿಯೇ ಅಲ್ಲದೆ ನೂರಾರು ಪ್ರಶಸ್ತಿ ಗೌರವಗಳು ಸಂದಿವೆ
23445346,ಇವರು ಹನ್ನೆರಡನೇ ವಯಸ್ಸಿನಲ್ಲಿ ಮದ್ರಾಸ್ ಪೋರ್ಟ್ ಟ್ರಸ್ಟ್ ಪಂದ್ಯಾವಳಿಯಲ್ಲಿ ಭಾಗವಹಿಸಿದರು
23352764,ದಾಖಲಿಸಲ್ಪಟ್ಟ ಮಾನವ ಇತಿಹಾಸದುದ್ದಕ್ಕೂ ವಾಣಿಜ್ಯ ತನ್ನ ಸ್ಥಾನವನ್ನು ಪಡೆದುಕೊಂಡಿದೆ ಎಂದು ನಂಬಲಾಗಿದೆ
23354716,ಅವರಿಗೆ ರಾಷ್ಟ್ರೀಯ ವಿಜ್ಞಾನ ಪದಕ ನೀಡಿ ಗೌರವಿಸಲಾಗಿದೆ
23355390,ಕೃಷಿ ಇಲ್ಲಿನ ಜನರ ಮುಖ್ಯ ಕಸುಬು ಆಗಿದ್ದು
23370048,ಅನುವಂಶೀಯ ಶುದ್ಧತೆ ಹೆಚ್ಚಿದಂತೆಲ್ಲ ಅನೇಕ ದುರ್ಬಲ ಜೀನ್ಗಳು ತಮ್ಮ ಪ್ರಭಾವವನ್ನು ತೋರಿಸಲು ಪ್ರಾರಂಭಿಸುತ್ತವೆ
23408554,ಇವೆರಡೂ ಸಾಕಷ್ಟು ಪ್ರಗತಿ ಹೊಂದಿದ ಅಣುಶಕ್ತಿ ಕೇಂದ್ರಗಳನ್ನು ಸಹ ಹೊಂದಿವೆ
23326290,ಈ ಚಿಹ್ನೆಗಳನ್ನು ಸ್ವಯಂಚಾಲಿತವಾಗಿ ಪರದೆಯ ಮೇಲೆ ಮುದ್ರಣಕ್ಕೆ ಅನುವಾದಿಸಲಾಗುತ್ತದೆ
23387100,ಇವುಗಳಲ್ಲಿ ಪ್ರಾಚೀನ ರೂಪಾಂತರ ಶಿಲಾಸ್ತೋಮ ಅತ್ಯಂತ ಹಿರಿಯದು
23341664,ವಿಶ್ವದಲ್ಲಿಯೇ ಅತ್ಯಂತ ದೊಡ್ಡದಾದ ನೌಕಾಯಾನದ ಹಡಗನ್ನು ಇದು ಹೊಂದಿದೆ
23587800,ಈ ವರ್ಷ ಯುಗಾದಿ ಯಾವ ದಿನ ಬರುತ್ತದೆ?
23445876,ಗುರುಗಳು ಸಳ ಎಂಬ ಶಿಷ್ಯನಿಗೆ ಹುಲಿಯನ್ನು ಕೊಲ್ಲಲು ಹೊಯ್ಸಳ ಎಂದು ಸೂಚನೆ ನೀಡಿದರು
23493130,ರಾಜಕೀಯ ರಂಗದಲ್ಲಿ ಕೂಲಿಗಾರ ಪಕ್ಷ ಅನೇಕ ರಾಜ್ಯಗಳಲ್ಲಿ ತನ್ನ ಶಕ್ತಿಯನ್ನು ಬೆಳೆಸಿಕೊಂಡಿತು
23335078,ನಾಗೇಂದ್ರ ಕುಮಾರ್ ಸಿಂಗ್ ರವರೊಬ್ಬ ಭಾರತೀಯ ಕೃಷಿ ವಿಜ್ಞಾನಿ
23631262,ನಡು ಸಾಲಿನ ಎಡಗಡೆಯ ಸೀಟಿನ ಸೀಟ್ ಹೀಟರ್ ಅನ್ನು ಬಂದ್ ಮಾಡು
23544112,ಕಡಲ ಪ್ರಾಣಿಗಳಿಂದ ಹೆಚ್ಚಿನ ಪ್ರಮಾಣದಲ್ಲಿ ಕೊಬ್ಬನ್ನು ಪಡೆಯುವಂತೆ ಹಿಮಕರಡಿಯ ಶರೀರದ ವಿನ್ಯಾಸ ಮತ್ತು ರಚನೆ ವೈಶಿಷ್ಟ್ಯವಾಗಿದೆ
23341256,ತ್ಯಾಜ್ಯ ನಿರ್ವಹಣೆ ಎಂಬುದು ವ್ಯವಸ್ಥೆಯ ವಿನ್ಯಾಸದಿಂದ ಶುರುವಾಗಿ ತ್ಯಾಜ್ಯದ ಪುನರ್ಬಳಕೆಯ ತನಕದ ಎಲ್ಲ ಹಂತದವರೆಗೂ ಮುಖ್ಯವಾಗುತ್ತದೆ
23554156,ಸಂಸ್ಥೆಯ ಅತ್ಯಂತ ಅಪೇಕ್ಷಿತ ಮತ್ತು ಆಚರಿಸಲಾಗುವ ಕಾರ್ಯಕ್ರಮವಾದ ಗಣೇಶ ಹಬ್ಬವು ಭಾರತದ ಅತ್ಯಂತ ಪ್ರತಿಭಾವಂತ ಕಲಾವಿದರನ್ನು ಹೊಂದಿತ್ತು
23463608,ಈ ಸಂಚಿಯ ಮುಂಭಾಗದಲ್ಲಿ ಒಂದು ಚಿಕ್ಕ ರಂಧ್ರವಿದೆ
23426070,ಈ ಕಾಲ್ಪನಿಕ ಚಿತ್ರಣಗಳು ವಿಶಿಷ್ಟವಾದ ರೀತಿಯಲ್ಲಿ ಉತ್ಪ್ರೇಕ್ಷಿತ ಗುಣಲಕ್ಷಣಗಳನ್ನು ಒಳಗೊಂಡಿವೆ
23433468,ಚಿಪ್ಪಿನ ದ್ವಾರ ಗುಂಡಗೂ ಬಹು ಅಗಲವಾಗಿಯೂ ಇದೆ
23414932,ಧ್ವನಿಯೊಂದಿಗೆ ಭರ್ಜಿ ಹಿಡಿದ ಅಶ್ವಾರೂಢರು ಪ್ರವೇಶಿಸಿ ಗೂಳಿಗೆ ಎದುರಾಗುತ್ತಾರೆ
23472630,ಈ ಬಸದಿಯು ವಿಜಯನಗರ ಕಾಲಾವಧಿಯಲ್ಲಿ ಅವಧಿಯಲ್ಲಿ ಕಟ್ಟಲಾಗಿದೆ
23430584,ಕೊಡಗಿಗೆ ಭೂಮಿ ಕಡಿಮೆಯಾಯಿತು ಮತ್ತು ನಾಲ್ಕು ಕೋಟೆಗಳಲ್ಲಿ ರಕ್ಷಣಾ ಸೇನಾಪಡೆಗಳನ್ನು ತುಂಬಿದನು
23488532,ಈ ಇಪ್ಪತ್ತು ರಾಜ್ಯಗಳಲ್ಲಿ ಮೈಸೂರು ರಾಜ್ಯವೂ ಒಂದು
23414996,ಅದರ ಫಲವೇ ಈ ಯಶಸ್ಸು ಹಾಗೂ ಸಾರ್ಥಕ್ಯ
23522064,ಉಪೇಂದ್ರ ಅವರ ಭರತನಾಟ್ಯ ನರ್ತಕನ ಪಾತ್ರವು ಚಿತ್ರದ ದೊಡ್ಡ ಹೈಲೈಟ್ ಆಗಿ ಉಳಿಯುತ್ತದೆ
24200946,ಎಂ ನೇತೃತ್ವದ ಆಡಳಿತದಲ್ಲಿ ವಸತಿ ಮತ್ತು ಕಾರ್ಮಿಕ ಸಚಿವರಾಗಿದ್ದರು
23344422,ಮಂತ್ರವಾದಿಯನ್ನು ಗಾಯಗೊಳಿಸಿದರೆ ಅವನು ಪರಿಹಾರ ಬಯಸಿ ದೂರು ಸಲ್ಲಿಸುತ್ತಿದ್ದ
23335556,ಐದು ಭೂಖಂಡಗಳಲ್ಲಿ ಆರು ವಾರಗಳ ಯೋಜನೆ ಹಾಕಿಕೊಳ್ಳಲಾಯಿತು
23518282,ಕದಂಬ ರಾಜ್ಯ ಬಹುಮಟ್ಟಿಗೆ ಚಳುಕ್ಯ ಸಾಮ್ರಾಜ್ಯದಲ್ಲಿ ವಿಲೀನವಾಗಿ ಕೆಲವು ಶಾಖೆಗಳ ಆಳಿಕೆ ಮಾತ್ರ ಮುಂದುವರಿಯಿತು
23522954,ಶ್ರೀ ನಾರಾಯಣ ಗುರುಗಳು ಕುಂಜನ್ ಪಿಳ್ಳೈ ಚಟ್ಟಾಂಬಿ ಸ್ವಾಮಿಕಲ್ ಅವರನ್ನು ಭೇಟಿಯಾದರು
23625122,ದಯವಿಟ್ಟು ಮಧ್ಯದ ಸಾಲಿನ ಬಲಬದಿಯ ಸೀಟ್ ಹೀಟರ್ ಅನ್ನು ಮಿಡಿಯಂಗೆ ಹೊಂದಿಸಿ
23412630,ರಾಜ್ಯದ ಎಲ್ಲಾ ಭಾಗಗಳಿಗೂ ಮೂಲ ಸೌಕರ್ಯಗಳನ್ನು ಮತ್ತು ನೈಸರ್ಗಿಕ ಸೌಕರ್ಯಗಳನ್ನು ಒದಗಿಸುವುದು
23544570,ಬೆಟ್ಟಗಳಲ್ಲಿನ ಕಾಡುಗಳು ಔಷಧೀಯ ಗಿಡಮೂಲಿಕೆಗಳನ್ನು ಹೊಂದಿವೆ ಎಂದು ವರದಿಯಾಗಿದೆ
23480664,ಈಗಲೂ ಸ್ಥಳೀಯರು ವಿಜಯಪುರ ಎಂಬ ಹೆಸರನ್ನೇ ಬಳಸುತ್ತಾರೆ
23538758,ಈ ಅಂಶಗಳ ಆಧಾರದಿಂದಲೇ ಆ ಭಾಷೆಯ ಪ್ರಾಚೀನ ರಚನೆಯನ್ನು ಊಹಿಸಿ ಪುನಾರಚಿಸಲು ಸಾಧ್ಯವಾಗುತ್ತವೆ
23418758,ಪ್ರಕೃತಿಯ ಮಡಿಲಲ್ಲಿ ಶ್ರೀ ಪದ್ಮಾವತಿ ಅಮ್ಮನವರ ದೇವಾಲಯವಿದೆ
23419942,ಈ ಗ್ರಾಮದಲ್ಲಿ ಪ್ರಾಚೀನ ಶ್ರೀಲಕ್ಷ್ಮೀ ನರಸಿಂಹ ದೇವಸ್ಥಾನವಿದೆ
23417432,ಅದು ಆತನ ವೃತ್ತಿ ಜೀವನದಲ್ಲಿ ಅದುವರೆಗಿನ ಉತ್ತಮ ಸ್ಥಾನವಾಗಿತ್ತು
23623484,ದಯವಿಟ್ಟು ಮಧ್ಯ ಸಾಲಿನ ಬಲ ಸೀಟಿನ ಹೀಟರ್ ಅನ್ನು ಮಿಡಿಯಂಗೆ ಹೊಂದಿಸಿ
23406264,ಅಲ್ಪಸ್ವಲ್ಪ ಸತ್ಯಾಂಶದ ಮೇಲೆ ನಿಂತ ಅಭಿಮತ ಅದು
23494958,ಅಖಾಡದ ಪರಿಶುದ್ಧತೆ ಮತ್ತು ಗೂಳಿಗಳ ಅಸಾಧಾರಣ ಜ್ಞಾಪಕ ಶಕ್ತಿಯ ಕಾರಣದಿಂದಾಗಿ ಒಮ್ಮೆ ಅಖಾಡಕ್ಕೆ ಬಿಟ್ಟ ಗೂಳಿಯನ್ನು ಮತ್ತೆ ಬಿಡುವುದಿಲ್ಲ
23495916,ಗಾಂಧೀಜಿ ಚಳವಳಿಯ ನಾಯಕತ್ವವನ್ನು ವಹಿಸಿಕೊಂಡು ನಡೆಸಲು ಅಧಿಕಾರ ನೀಡಿದರು
23456310,ಇವರುಗಳು ತಮ್ಮ ಕ್ಷೇತ್ರಕ್ಕೆ ಮುಂಚೆ ಕೇಳರಿಯದ ಯಶಸ್ಸನ್ನು ಸಾಧಿಸಿದರು
24275274,ಈ ವರ್ಷ ಸೂಪರ್ ಲೀಗ್‌ನಲ್ಲಿ ಆಡುವ ಅತ್ಯುತ್ತಮ ತಂಡಗಳು ಯಾವುವು?
23386954,ನಂಜನಗೂಡು ಕರ್ನಾಟಕ ರಾಜ್ಯದ ಮೈಸೂರು ಜಿಲ್ಲೆಯ ಒಂದು ತಾಲ್ಲೂಕು ಪಟ್ಟಣ
24278766,ಮನೆಯಲ್ಲಿರುವ Rajkumar ಗೆ ಕರೆ ಮಾಡಿ.
23486092,ವಿವಾಹದ ಆರು ತಿಂಗಳ ಬಳಿಕ ಜಾರ್ಜ್ ಎದೆಗೂಡಿನ ವ್ಯಾಧಿಯಿಂದಾಗಿ ಮರಣವನ್ನಪ್ಪಿದರು
23438724,ಇಲ್ಲಿರುವ ಭವ್ಯ ಮಸೀದಿಯ ಸೊಬಗು ಮತ್ತು ವಾಸ್ತುಶೈಲಿಯ ಪ್ರಭಾವವು ಇನ್ನೆಲ್ಲೂ ಕಾಣಸಿಗದು
23589244,ಎಡಭಾಗದ ಹಿಂದಿನ ಆಸನದ ಸೇವ್ ಮಾಡಿದ ಸೇವ್ ಮಾಡಿದ ಪೊಸಿಷನ್ ರಿಸ್ಟೋರ್ ಮಾಡಿ
23555126,ಪ್ರತಿವರ್ಷ ಮೇ ತಿಂಗಳ ಅಂತ್ಯದಲ್ಲಿ ಅಣೆಕಟ್ಟನ್ನು ನೋಡಬಹುದು
24067780,ರೋಗಲಕ್ಷಣಗಳು ಸಾಮಾನ್ಯವಾಗಿ ಕ್ರಮೇಣ ಕಾಣಿಸಿಕೊಳ್ಳುತ್ತವೆ ಆದರೆ ಸಾಂದರ್ಭಿಕವಾಗಿ ಹಠಾತ್ತನೆ ಕಾಣಿಸಿಕೊಳ್ಳಬಹುದು
23340874,ಇವರು ಸಮಿತಿಯನ್ನು ತೊರೆದು ಇವರ ಪ್ರಸಾರ ಕಾರ್ಯಕ್ರಮದ ವೃತ್ತಿಯನ್ನು ಮುಂದುವರೆಸಿದರು
23620410,ದಯವಿಟ್ಟು ಪ್ರಯಾಣಿಕರ ಕಡೆಯ ಡೋರ್‌ಗಳನ್ನು ಅನ್ಲಾಕ್ ಮಾಡು ಮತ್ತು ಅವುಗಳನ್ನು ತೆರೆ
23390320,ಹಿಂದೂ ಧರ್ಮದ ಚಾಂದ್ರಮಾನ ಪಂಚಾಂಗದ ಒಂಬತ್ತನೇ ಮಾಸ
23347236,ಯಕ್ಷಗಾನ ಗೊಂಬೆಯಾಟವನ್ನು ಜನಪ್ರಿಯಗೊಳಿಸಿದ ಇವರಿಗೆ ಅನೇಕ ಗೌರವ ಪ್ರಶಸ್ತಿಗಳು ಲಭಿಸಿವೆ
23509080,ಕೇರಳವನ್ನು ಮೌರ್ಯ ಸಾಮ್ರಾಜ್ಯದ ಗಡಿ ಸಾಮ್ರಾಜ್ಯಗಳಲ್ಲಿ ಒಂದು ಎಂದು ಕರೆಯಲಾಗುತ್ತದೆ
23368774,ಇದು ಹೂಡಿಕೆದಾರರಿಗೆ ಹೊಸ ಶೇರುಗಳ ನೀಡಿಕೆಯಲ್ಲಿ ಅರ್ಜಿ ಸಲ್ಲಿಸಲು ಸಹಾಯ ಮಾಡುತ್ತದೆ
24027288,ಗಲ್ಫ್ ಆಫ್ ಮೆಕ್ಸಿಕೋ ಸಮೀಪ ಹಿಮವು ಸಾಮಾನ್ಯವಾಗಿ ಕಂಡುಬರುವುದಿಲ್ಲ
23475264,ಆರನೆಯ ಎಡ್ವರ್ಡ್ನ ಕಾಲದಲ್ಲಿ ಈ ಬಗೆಯ ಸುಧಾರಣೆ ಮುಂದುವರಿಯಿತು
23987154,ನಿರ್ದೇಶಕರಾಗಿ ಪುಟ್ಟಣ್ಣ ಅವರ ಮೊದಲ ಕನ್ನಡ ಚಿತ್ರ ೧೯೬೭ ರಲ್ಲಿ ಮೂಡಿಬಂದ ಬೆಳ್ಳಿಮೋಡ
23385722,ತನ್ನೊಡನೆ ಬೆರೆತ ಇತರ ವಸ್ತುಗಳ ಪರಿಮಳವನ್ನು ಇದು ಸುಲಭವಾಗಿ ಹೀರಿಕೊಳ್ಳುತ್ತದೆ
23511442,ಫಾರ್ಚೂನ್ ಮ್ಯಾಗಜಿನ್ ಒಟ್ಟು ಆದಾಯ ಟೆಕ್ಸಾಸ್ ಆರನೇ ಅತಿದೊಡ್ಡ ಕಂಪನಿ ಎಂದು ಡೆಲ್ ಪಟ್ಟಿ
23435768,ಇದು ಮಲಪ್ಪುರಂ ಜಿಲ್ಲೆಯ ನಂತರ ಕೇರಳದಲ್ಲಿ ಎರಡನೇ ಅತಿ ಹೆಚ್ಚು ಜನಸಂಖ್ಯೆ ಹೊಂದಿರುವ ಜಿಲ್ಲೆಯಾಗಿದೆ
24115538,ಮಾಧವೀಯ ಶಂಕರ ವಿಜಯ ಭಾರತೀಯ ತತ್ವ ಶಾಸ್ತ್ರ ಪರಿಚಯ ಲೇ
23554554,ಚಿತ್ರದ ಶೀರ್ಷಿಕೆಯನ್ನು ನಟಿ ಕಿರಣ್ ಖೇರ್ ಸೂಚಿಸಿದರು
23335228,ಈ ಗುಂಪಿನ ಪ್ರಾಣಿಗಳು ಮುಖ್ಯವಾಗಿ ಸಾಗರದ ಸೂಕ್ಷ್ಮ ಜೀವಿಗಳನ್ನು ತಿಂದು ಬದುಕುತ್ತವೆ
24005848,ಕೆಲವು ರಾಜಪ್ರಭುತ್ವಗಳು ಸ್ಥಳೀಯ ಮಾರ್ಪಾಡುಗಳೊಂದಿಗೆ ಇದನ್ನು ಅನುಸರಿಸಿದವು
23554972,ಪಡಿತರ ಪದ್ದತಿ ಮತ್ತು ತೀವ್ರತೆಯನ್ನು ನಿಯಂತ್ರಿಸಲು ಮಾಡ್ ರೇಟ್ ಮ್ಯಾನೇಜ್ ಮೆಂಟ್ ಮತ್ತು ಕುಡಿತದ ಪರಿಣಾಮಗಳ ಸೂಚಿ ಪಟ್ಟಿಯನ್ನು ಅನುಸರಿಸಬೇಕಾಗುತ್ತದೆ
23543096,ಉಪಭಾಷೆಗಳು ಕೆಲವೊಮ್ಮೆ ರಾಜಕೀಯ ಮತ್ತು ಸಾಮಾಜಿಕ ಕಾರಣಗಳಿಗೆ ಭಾಷೆಯ ಸ್ಥಾನಮಾನ ಪಡೆಯುತ್ತವೆ
24043356,ಅವರು ಮುಖ್ಯವಾಗಿ ತಮಿಳು ಚಿತ್ರರಂಗದಲ್ಲಿ ೧೯೪೦ ರಿಂದ ೧೯೭೦ ರವರೆಗೆ ಕೆಲಸ ಮಾಡಿದರು
23417380,ಉಪಯೋಗದ ಆಯ್ಕೆಯನ್ನು ಹೆಚ್ಚಾಗಿ ರಾಜಕೀಯ ಕಾರಣಗಳು ನಿರ್ಣಯಿಸುತ್ತವೆ
23963588,ಪ್ರಾಣಿಗಳು ಕೂಡ ಮಾನವರಂತೆ ಪರಸ್ಪರ ಸಂವಹನ ಮಾಡಬಲ್ಲವು ಎಂದು ಕೆಲವರು ಗುರುತಿಸಿದ್ದಾರೆ
23424550,ಇಷ್ಟು ಸಾಹಿತ್ಯ ನಿರ್ಮಾಣ ಮರಾಠಿಯಲ್ಲಿ ಬೇರೆ ಯಾವ ಸಾಹಿತಿಯನ್ನು ಕುರಿತೂ ಇಲ್ಲಿಯವರೆಗೆ ಬಂದಿಲ್ಲ
23577794,ಈ ಒಪ್ಪಂದದ ಪ್ರಕಾರ ಭೂಮಿಯ ಮೇಲೆ ಅಪರೂಪದ ಸಸ್ಯ ಪ್ರಾಣಿಗಳಿವೆ
23578966,ಈ ಅವಧಿಯಲ್ಲಿ ಸುನಂದಮ್ಮ ಹಿಂದಿ ಕಲಿತು ಮೂರು ಪರೀಕ್ಷೆಗಳನ್ನು ಉನ್ನತ ದರ್ಜೆಯಲ್ಲಿ ಪಾಸು ಮಾಡಿದರು
23375576,ಅಂತಹ ಒಂದು ಪ್ರಮಾಣದ ನಂತರ ಸನ್ಮಾನ ನಡೆಯುತ್ತದೆ
23347862,ಕರ್ನಾಟಕದ ಕೋಲಾರ ಚಿನ್ನದ ಕ್ಷೇತ್ರಗಳು ಅವರ ಅವಧಿಯಲ್ಲಿ ಸ್ಥಾಪಿಸಲ್ಪಟ್ಟವು
23485634,ಕೈಗಾರಿಕಾ ಕ್ರಾಂತಿ ಮೊದಲಿಗೆ ಪ್ರಾರಂಭವಾದದ್ದು ಆ ದೇಶಗಳಲ್ಲಿ
24112936,ಪ್ರದೇಶಕ್ಕೆ ತಕ್ಕಂತೆ ಜನಸಂಖ್ಯೆ ಕೂಡ ೭೦೦ ದಶಲಕ್ಷ ಇದೆ
23633940,ನನಗೆ ಮುಂದಿನ ವರ್ಷದ ದಸರಾ ದಿನಾಂಕವನ್ನು ಹೇಳಿ.
23370790,ಗರ್ಭಾವಸ್ಥೆಯಲ್ಲಿ ಕೆಫೀನ್ ಸೇವನೆಯು ಗರ್ಭಾವಸ್ಥೆಯ ನಷ್ಟದ ಅಪಾಯವನ್ನು ಹೆಚ್ಚಿಸುತ್ತದೆ ಮತ್ತು ಕಡಿಮೆ ಜನನ ತೂಕದ ಅಪಾಯವನ್ನು ಹೆಚ್ಚಿಸುತ್ತದೆ
23357298,ಹೀಗಿದ್ದರೂ ನವಾಜೋ ಸೇರಿದಂತೆ ಎಲ್ಲ ಅಪಾಚೆ ಭಾಷೆಗಳೂ ಅಪಾಯವನ್ನು ಎದುರಿಸುತ್ತಿವೆ
23611094,ದಯವಿಟ್ಟು ಎಲ್ಲಾ ಪ್ರಯಾಣಿಕರ ಬದಿಯ ಸೀಟುಗಳ ಸ್ಥಾನವನ್ನು ಸೇವ್ ಮಾಡಿ
23336462,ಇದು ಇವರ ಮೊದಲ ಪ್ರಮುಖ ರಾಜಕೀಯ ಪ್ರಚಾರವಾಗಿತ್ತು
23555440,ಎಬಿಒ ರಕ್ತ ವಿಧವು ಕೆಲವು ಪ್ರಾಣಿಗಳಲ್ಲೂ ಗೋಚರಿಸುತ್ತವೆ
23434374,ಇತ್ಯಾದಿ ಸಾಮಾನುಗಳು ಮತ್ತು ತೊಟ್ಟ ಬಟ್ಟೆಯ ನಿರ್ವಹಣೆ ಸರಿಯಾಗಿರಬೇಕು
23447052,ಚಿಕ್ಕ ಗಲಗಲಿ ಗ್ರಾಮವು ಕರ್ನಾಟಕ ರಾಜ್ಯದ ವಿಜಯಪುರ ಜಿಲ್ಲೆಯ ವಿಜಯಪುರ ತಾಲ್ಲೂಕಿನಲ್ಲಿದೆ
23474342,ಅವರು ಬಾಲಿವುಡ್ ಚಲನಚಿತ್ರಗಳಲ್ಲಿ ಅನೇಕ ಹಾಡುಗಳನ್ನು ಹಾಡಿದ್ದಾರೆ
23444170,ಅವರನ್ನು ಸೆಳೆಯಲು ರಾಜ್ ರೋಹಿತ್ ಆಗಿ ನಡೆದುಕೊಳ್ಳುತ್ತಾನೆ
23461006,ಆದರೆ ಇದು ಅಂತರಾಷ್ಟ್ರೀಯ ಮಟ್ಟದಲ್ಲಿ ಉತ್ತಮ ಹೆಸರನ್ನು ಗಳಿಸಿತು
23357300,ಅವರ ರಕ್ಷಣೆಯ ಜೊತೆಗೆ ಅವರ ಗೆಳೆಯರ ಮತ್ತು ಕುಟುಂಬದವರ ರಕ್ಷಣೆಗಾಗಿ ಅವರು ಒಲ್ಲದ ಮನಸ್ಸಿನಿಂದ ಏಕಾಂತಕ್ಕೆ ಸಾಗುತ್ತಾರೆ
24029236,ಜೊತೆಗೆ ದೊಡ್ಡ ಗಾತ್ರದ ಪ್ರಾಣಿಗಳ ಎಲುಬುಗಳೂ ಇಲ್ಲಿ ದೊರೆಯುವುದರಿಂದ ಜಾವ ಮಾನವ ಬೇಟೆ ಜೀವನ ನಡೆಸುತ್ತಿದ್ದನೆಂದು ತಿಳಿಯಲಾಗಿದೆ
23980652,ಮಲಿಕ್ ತಮ್ಮ ೪ ನೇ ವಯಸ್ಸಿನಲ್ಲಿ ಹಾಡಲು ಪ್ರಾರಂಭಿಸಿದರು
23542994,ಸಕುರಾ ಮರಗಳನ್ನು ಇಂಗ್ಲಿಷ್ನಲ್ಲಿ ಜಪಾನೀಸ್ ಚೆರ್ರಿ ಎಂದು ಕರೆಯಲಾಗುತ್ತದೆ
23383378,ಸಾಮಾಜಿಕ ನ್ಯಾಯ ಮತ್ತು ಸಬಲೀಕರಣ ಸಚಿವರು ಸಚಿವರ ಪರಿಷತ್ತಿನ ಸದಸ್ಯರಾಗಿ ಕ್ಯಾಬಿನೆಟ್ ಶ್ರೇಣಿಯನ್ನು ಹೊಂದಿದ್ದಾರೆ
23546742,ಇದು ಸಾಮಾನ್ಯವಾಗಿ ಸೆಪ್ಟೆಂಬರ್ ತಿಂಗಳ ಮಧ್ಯಭಾಗದಿಂದ ಅಕ್ಟೋಬರ್ ತಿಂಗಳ ಮಧ್ಯಭಾಗದವರೆಗೆ ಬರುತ್ತದೆ
23552330,ಆದಾಗ್ಯೂ ಕಬ್ಬಿಣದ ಯುಗ ಮತ್ತು ಕಂಚಿನ ಯುಗವು ಆಫ್ರಿಕಾದ ಬಹುಭಾಗಗಳಲ್ಲಿ ಏಕಕಾಲದಲ್ಲಿ ಸಂಭವಿಸಿದವು
23549870,ಜೊತೆಗೆ ವಾಸದ ನೆಲೆಗಳ ನಾಶವು ಸಹ ಸೇರಿ ಹುಲಿಗಳ ಸಂಖ್ಯೆ ಇಂದು ಗಣನೀಯವಾಗಿ ಕುಸಿದಿದೆ
23467292,ಈ ತಿಂಗಳುಗಳು ಫತೇಘರ್ ಸಾಹಿಬ್ ನಗರಕ್ಕೆ ಭೇಟಿ ಕೊಡಲು ತುಂಬಾ ಉತ್ತಮವಾದ ಸಮಯವಾಗಿರುತ್ತದೆ
24005662,ಕ್ಯಾಲ್ಗರಿಯ ಆರ್ಥಿಕ ಸ್ಥಿತಿಯು ತೈಲ ಉದ್ಯಮದೊಂದಿಗೆ ಹೆಚ್ಚು ನಿಕಟ ಸಂಬಂಧ ಹೊಂದಿತ್ತು
23612646,ದಯವಿಟ್ಟು ಚಾರ್ಜಿಂಗ್ ಡೋರ್ ಓಪನ್ ಮಾಡು
23500818,ಅಲಹಾಬಾದ್ ಮತ್ತು ನಾಗ್ಪುರದ ಅನೇಕ ಕಡೆ ಅವರು ಧರ್ಮ ಪ್ರಚಾರ ಕಾರ್ಯಕ್ರಮಗಳನ್ನು ಹಮ್ಮಿಕೊಂಡರು
23518078,ಅದಲ್ಲದೇ ಫೆಡರಲ್ ಕ್ಯಾಪಿಟಲ್ ಕೌಲಾಲಂಪೂರ್ ನ ಪೊರ್ಟ್ ಕ್ಲಾಂಗ್ ನ ಅಭಿವೃದ್ಧಿಯೂ ಇದಕ್ಕೆ ಕಾರಣವಾಯಿತು
23654302,ಹಿಂಭಾಗದ ಎಡ ಸೀಟ್ ಹೀಟರ್ ಅನ್ನು ಆರಂಭಿಸು
24095136,ಇಂಥ ಕಾದಂಬರಿಗಳಲ್ಲಿ ವಸ್ತುನಿಷ್ಠ ಹಾಗೂ ಸಹಜ ಚಲನೆ ಇರುವುದರಿಂದ ಓದುಗರಿಗೆ ಅವು ಅಂತೆಯೇ ನಾಟುತ್ತದೆ
23470660,ಮೊದಮೊದಲು ಈಟಿಯ ಕೋಲನ್ನು ಬೂದಿ ಮರದಿಂದ ಮಾಡುತ್ತಿದ್ದರು
23343974,ಚಿತ್ರವನ್ನು ಮಂಗಳೂರು ಮತ್ತು ಸುತ್ತಲಿನ ಕರಾವಳಿ ಪ್ರದೇಶದಲ್ಲಿ ಚಿತ್ರೀಕರಿಸಲಾಯಿತು
23477724,ಈ ರೀತಿಯ ಮಳೆಯು ಮುಖ್ಯವಾಗಿ ವಿಷುವದ್ರೇಖೆಯ ಹವಾಮಾನ ವಲಯ ಮತ್ತು ಉಷ್ಣವಲಯದ ಹವಾಮಾನ ವಲಯಗಳಲ್ಲಿ ಉಂಟಾಗುವುದು
23936968,ಅವರು ವ್ರತ ಕೈಗೊಳ್ಳುತ್ತಾರೆ ಮತ್ತು ಈ ಅವಧಿಯಲ್ಲಿ ಪವಿತ್ರತೆ ಮತ್ತು ಶುದ್ಧತೆಯನ್ನು ಕಾಪಾಡಿಕೊಳ್ಳುತ್ತಾರೆ
23475292,ಅನೇಕ ಸಂಘಟನೆಗಳೂ ಸಹ ಪರಿಹಾರ ಕಾರ್ಯಗಳಲ್ಲಿ ನೆರವು ನೀಡಿದವು
23396476,ಅಷ್ಟೂ ಇಷ್ಟೂ ದ್ರವ ವಸ್ತುಗಳಾದರೂ ಹೊಟ್ಟೆಗೆ ಸೇರುತ್ತವೆ
23424678,ದಕ್ಷಿಣ ಅಮೆರಿಕ ಹಾಗೂ ಮಧ್ಯ ಅಮೆರಿಕದ ಸಮಶೀತೋಷ್ಣ ವಲಯದ ಮಳೆಕಾಡುಗಳಲ್ಲಿ ಕಂಡುಬರುತ್ತವೆ
23326480,ಇವನ್ನು ಕೆಲವೊಮ್ಮೆ ನೈತಿಕ ಹಕ್ಕುಗಳು ಅಥವಾ ಪರಭಾರೆ ಮಾಡಲಾಗದ ಹಕ್ಕುಗಳು ಎಂದು ಕರೆಯಲಾಗುತ್ತದೆ
23521282,ಇದರ ಎಲೆಗಳು ಊತ ಕಡಿಮೆ ಮಾಡಲು ಬಳಸಲಾಗುತ್ತದೆ
23432074,ವಾಣಿಯವರ ಪತಿ ಜಯರಾಂರವರು ಪಂಡಿತ್ ರವಿಶಂಕರ್ ಅವರ ವಿದ್ಯಾರ್ಥಿಯಾಗಿದ್ದರು
23558602,ಅದಕ್ಕೆ ಮುಂಚೆ ರಾಜಕೀಯ ಅರ್ಥಶಾಸ್ತ್ರ ಎಂಬ ಪದ ರೂಢಿಯಲ್ಲಿತ್ತು
23558918,ವಿಳಂಬ ಮಾಡುವ ಉದ್ದೇಶದಿಂದ ಬಂಡುಕೋರರು ನಾವೆಯನ್ನು ಸಾಧ್ಯವಾದಷ್ಟು ಎತ್ತರವಾದ ಮಣ್ಣಿನಲ್ಲಿ ಇರಿಸಿದ್ದರು ಎಂದು ಕೆಲ ಬ್ರಿಟಿಷ್ ಅಧಿಕಾರಿಗಳು ನಂತರ ಹೇಳಿದರು
23477076,ಮಧ್ಯ ಏಷ್ಯದಲ್ಲಿ ಈ ವಿಧಾನವನ್ನನುಸರಿಸಿ ರಚಿಸಲಾದ ಬಂದೂಕುಗಳ ಬಳಕೆ ಇಂದಿಗೂ ಕಂಡುಬರುತ್ತದೆ
23339790,ಜೊತೆಗೆ ಹಲ್ಲುಗಳ ತುಂಡುಗಳು ಮತ್ತು ಸಿಂಹದ ಉಗುರುಗಳನ್ನು ನೋಡಿದನು
23497556,ಇದು ಉತ್ತರದಿಂದ ಮಂಗಳೂರು ನಗರಕ್ಕೆ ಹೆಬ್ಬಾಗಿಲು ಮತ್ತು ಶೈಕ್ಷಣಿಕ ಕೇಂದ್ರವಾಗಿದೆ
24041118,ನಿಜವಾದ ಕಾಂಚೀಪುರಂ ರೇಷ್ಮೆ ಸೀರೆಯಲ್ಲಿ ದೇಹ ಮತ್ತು ಗಡಿಯನ್ನು ಪ್ರತ್ಯೇಕವಾಗಿ ನೇಯಲಾಗುತ್ತದೆ ಮತ್ತು ನಂತರ ಒಟ್ಟಿಗೆ ಜೋಡಿಸಲಾಗುತ್ತದೆ
23328058,ವಸುದೇವನ ಇನ್ನೊಬ್ಬಳು ಹೆಂಡತಿ ಬಲರಾಮನಿಗೆ ಜನ್ಮ ನೀಡಿದಳು ಮತ್ತು ಕೃಷ್ಣನನ್ನು ವಸುದೇವನು ನಂದನ ಕೈಗೆ ಒಪ್ಪಿಸಿದನು
23545042,ಜನಪ್ರಿಯ ಮಾಧ್ಯಮದಲ್ಲಿ ಜಾವ ಮಾನವ ಎಂದು ಕರೆಯಲಾದ ಈ ಪಳೆಯುಳಿಕೆ ಸಾರ್ವಜನಿಕರಲ್ಲಿ ಆಸಕ್ತಿ ಕೆರಳಿಸಿತು
23550414,ಕೈಗಾರಿಕೆಗಳಿಗೆ ಸಾಗಣೆಯಾಗುವ ವಸ್ತುಗಳ ಚಿತ್ರವನ್ನು ಇವು ತೆಗೆಯುತ್ತವೆ
23329736,ದಿಲೀಶ್ ಪೋತನ್ ನಿರ್ದೇಶನದ ತೊಂಡಿಮುತಾಳುಂ ದೃಕ್ಷಾಕ್ಷಿಯುಂ ಚಿತ್ರದ ಮೂಲಕ ನಿಮಿಷಾ ತಮ್ಮ ನಟನಾ ವೃತ್ತಿಗೆ ಪಾದಾರ್ಪಣೆ ಮಾಡಿದರು
23515052,ಸಿರಿಸ ಮರದಿಂದ ಸಾಧಾರಣ ದರ್ಜೆಯ ಚೌಬೀನೆ ದೊರೆಯುತ್ತದೆ
23584462,ಚಂಡಿ ಪವನ್ ದೇವಾಲಯ ಕುಬೇರನಿಗೆ ಮೀಸಲಾದ ದೇವಾಲಯ
23523644,ಲಿಂಕಿಂಗ್ ರೋಡ್ ಶಾಪಿಂಗ್ ಮಾಡಲು ಹೇಳಿಮಾಡಿಸಿದ ತಾಣವಾಗಿದೆ
23329710,ಕರ್ನಾಟಕದಲ್ಲಿ ಮರಾಠಿ ಜನರೂ ಮಹಾರಾಷ್ಟ್ರದಲ್ಲಿ ಕನ್ನಡಿಗರೂ ರಾಜನೀತಿಕ ಸಾಮಾಜಿಕ ಸಾಂಸ್ಕೃತಿಕ ಹೀಗೆ ಒಂದಲ್ಲ ಒಂದು ಕಾರಣಕ್ಕಾಗಿ ನೆಲಸಿದ್ದಾರೆ
23374964,ಒತ್ತಡದ ಋಣಾತ್ಮಕ ಪ್ರವಣತೆಯನ್ನು ಬಲ ಸಾಂದ್ರತೆ ಎಂದು ಕರೆಯಲಾಗುತ್ತದೆ
23509706,ಈ ಕಾರಣ ದಟ್ಟ ವಾತಾವರಣವಿರುವ ಶುಕ್ರದ ನೆಲವನ್ನು ಅಧ್ಯಯನ ಮಾಡಲು ರೇಡಿಯೊ ತರಂಗಗಳು ಉಪಯುಕ್ತವಾಗಿವೆ
23361968,ಅದೇ ರೀತಿ ಹಿಂದೂ ಪದವು ಯಾರು ಭಾರತದ ಉಪಖಂಡಕ್ಕೆ ಸೇರಿರುತ್ತಾರೆ ಅವರನ್ನು ಇರಾನಿನಲ್ಲಿ ಹಿಂದೂ ಎನ್ನಲಾಗುತಿತ್ತು
23358538,ಸಾದಾ ಕಾಂಕ್ರೀಟಿನ ಒತ್ತಡದ ಬಲ ಎಳೆತದ ಬಲದ ಹತ್ತರಷ್ಟು ಹೆಚ್ಚಾಗಿರುತ್ತದೆ
23364286,ಇದು ರಿಕೆಟ್ಸಿಯ ಎಂಬ ಜಾತಿಯ ಒಂದು ವಿಷಾಣುವಿನ ಸೋಂಕಿನಿಂದ ಉಂಟಾದುದು
23531570,ಈ ಕಾರಣಕ್ಕಾಗಿ ಶ್ರಮಿಕ ಶಕ್ತಿ ವಿತರಣೆಯನ್ನು ಮಾರುಕಟ್ಟೆಯ ವಿಸ್ತೀರ್ಣದ ಆಧಾರದ ಮೇಲೆ ಸೀಮಿತಗೊಳಿಸಲಾಗಿದೆ
24065094,ಅಖಿಲ ಭಾರತ ಮಹಿಳಾ ವಕೀಲರ ಒಕ್ಕೂಟವು ಭಾರತೀಯ ಮಹಿಳಾ ವಕೀಲರ ಸಂಘವಾಗಿದೆ
23550400,ಪ್ರಭುದೇವರ ಬೆಟ್ಟ ಗ್ರಾಮವು ಕರ್ನಾಟಕ ರಾಜ್ಯದ ವಿಜಯಪುರ ಜಿಲ್ಲೆಯ ಇಂಡಿ ತಾಲ್ಲೂಕಿನಲ್ಲಿದೆ
23467312,ಆಗ ಆ ಗಾಣಿಗರು ಒಂದು ಕೆರೆಯಲ್ಲಿ ಮುಳುಗಿ ಕೂರುತ್ತಾರೆ
23620348,ದಯವಿಟ್ಟು ಪ್ರಯಾಣಿಕರ ಆಸನದ ಉಳಿಸಿದ ಸ್ಥಾನವನ್ನು ಲೋಡ್ ಮಾಡಿ
23524372,ಕಾದಂಬರಿಯು ಬದಲಿ ಧಾರ್ಮಿಕ ಇತಿಹಾಸದ ಶೋಧನೆಯ ಒಂದು ಭಾಗವಾಗಿದೆ
23381452,ಇಂದು ಜರ್ಮನಿಯ ಅತೀ ದೊಡ್ಡ ವಿಶ್ವವಿದ್ಯಾನಿಲಯಗಳಲ್ಲಿ ಒಂದಾಗಿದೆ
23507734,ಈ ಪರಿಪಾಠವು ಅತ್ತೆ ಮತ್ತು ಅಳಿಯನನ್ನು ಒಂದು ಅಂತರದಲ್ಲಿ ಇರಿಸುತ್ತದೆ
23481602,ವಿಜ್ನಾನಿಗಳು ಈ ಪಳೆಯುಳಿಕೆಗಳ ಸಹಾಯದಿಂದ ಗ್ಲೇಸಿಯರ್ ಗಳು ಇಲ್ಲಿ ಹರಿದ ಕಾಲವನ್ನು ನಿರ್ಣಯಿಸಲು ಯತ್ನಿಸಿದರು
23375360,ಇದು ಭಾರತದ ಗೃಹ ಸಚಿವಾಲಯದ ಸುಪರ್ದಿಗೆ ಒಳಪಟ್ಟಿರುತ್ತದೆ
24136812,ಈ ಪಂದ್ಯದಲ್ಲಿ ವಿಜೇತರಾದರು ಮತ್ತು ಮಹಿಳಾ ಡಬಲ್ಸ್ ನಲ್ಲಿ ಕಂಚಿನ ಪದಕ ಪಡೆದಿದ್ದಾರೆ
23368738,ಇದು ಆಟವನ್ನು ಸುಲಭವಾಗಿ ಆಡಬಹುದಾದ ಸ್ಥಾನಗಳ ಸಂಖ್ಯೆಯನ್ನು ನಿಯಂತ್ರಿಸುತ್ತದೆ
23383832,ವೃಂದವು ಪ್ರದರ್ಶನದಲ್ಲಿ ಕಂಡುಬರಲು ಕೊನೆಯ ಪ್ರಯತ್ನವನ್ನು ಮಾಡಿತ್ತು
23627172,ದಯವಿಟ್ಟು ಮುಂಭಾಗದ ಬಲಬದಿಯ ಸೀಟನ್ನು ಸ್ವಲ್ಪ ಮುಂದಕ್ಕೆ ಸರಿಸುವಿರಾ
23459302,ಇದು ನೀಲಗಿರಿ ಪರ್ವತ ಹಾಗೂ ಪಳನಿ ಪರ್ವತಗಳನ್ನು ಮುಚ್ಚಿಕೊಂಡಿದೆ
24058274,ಭಾರತದಲ್ಲಿ ಗುರುತಿಸಲ್ಪಡುವ ಉನ್ನತವಾದ ಹತ್ತು ಮಹಿಳಾ ವಿಜ್ಞಾನಿಗಳಲ್ಲಿ ದರ್ಶನ್ ರಂಗನಾಥನ್ ಕೂಡ ಒಬ್ಬರು
23497124,ಮೇಘಾ ಸಂದೇಶ್ ಕಥೆ ಬರೆದಿದ್ದಾರೆ ಮತ್ತು ಸಂಭಾಷಣೆಯನ್ನು ವೈದೇಹಿ ಬರೆದಿದ್ದಾರೆ
23328212,ಇವರು ಹೆಚ್ಚಾಗಿ ಪಶ್ಚಿಮ ಭಾರತದ ಕರಾವಳಿ ಪ್ರದೇಶದಲ್ಲಿ ವಾಸಿಸುತ್ತಾರೆ
23481474,ಈ ಚಿತ್ರದಲ್ಲಿ ವಿಷ್ಣುವರ್ಧನ್ ನಾಯಕನ ಪಾತ್ರದಲ್ಲಿ ಮತ್ತು ಆರತಿ ನಾಯಕಿಯ ಪಾತ್ರದಲ್ಲಿ ಕಾಣಿಸಿಕೊಂಡಿದ್ದಾರೆ
23447456,ಪಾಕಿಸ್ತಾನ ಅವರಿಗೆ ಅನೇಕ ರೀತಿಯ ಶಸ್ತ್ರಾಸ್ತ್ರಗಳನ್ನು ಸಹ ನೀಡಿತು
23539370,ಎಂದಾಗ ಆ ವಕೀಲ ಹೌದು ಮಹಾರಾಜರೇ ನೀವು ಕೇಳಿದ್ದು ಸರಿಯಾಗಿದೆ
23328470,ಕೂಡ್ಲಿಗಿ ಕರ್ನಾಟಕದ ವಿಜಯನಗರ ಜಿಲ್ಲೆಯ ಒಂದು ತಾಲೂಕು ಕೇಂದ್ರ
23483128,ಗ್ರಾಹಿಯು ವಾಹಕ ಜೀವಕೋಶಕ್ಕೆ ದೃಢ ಹಾಗೂ ಸ್ಥಿರ ಬೆಸೆಯುವಿಕೆ ಒದಗಿಸುತ್ತದೆ
23350496,ಭಾರತದಲ್ಲಿ ಮಕ್ಕಳ ಬೆಳವಣಿಗೆಗೆ ವಿವಿಧ ಕಷ್ಟಕರ ಮತ್ತು ಸಾಮಾಜಿಕ ಸಮಸ್ಯೆಗಳು ಸಂಬಂಧಿಸಿವೆ
23519082,ಇಲ್ಲಿ ಸರಕು ಸಾಗಾಣಿಕೆಗೆ ವಿಪುಲ ವ್ಯವಸ್ಥೆಯನ್ನು ಕಲ್ಪಿಸಲಾಗಿದೆ
23629028,ದಯವಿಟ್ಟು ಹಿಂದಿನ ವರ್ಷ ಕ್ರಿಸ್ಮಸ್ ಯಾವಾಗ ಬಂದಿತ್ತು ಎಂದು ಹೇಳಿ.
23537262,ಆದಿ ಶಂಕರರು ಅಲಕನಂದಾ ನದಿಯಲ್ಲಿ ಮುಳುಗಿದ್ದ ಮೂರ್ತಿಯನ್ನು ತಪ್ತ ಕುಂಡದ ಬಳಿಯ ಗುಹೆಯೊಂದರಲ್ಲಿ ಪ್ರತಿಷ್ಠಾಪಿಸಿದರು
23497082,ಉದಾಹರಣೆಗೆ ಎಷ್ಟು ಜನರು ಇಷ್ಟಪಟ್ಟರು ಅಥವಾ ಹಂಚಿದರು ಎಂಬುದರ ಮೇಲೆ ಆಧರಿಸಿರುತ್ತದೆ
23446724,ಈಗ ಅಕ್ಕಿಹೆಬ್ಬಾಳಿನ ಹೊಸ ಊರಿನಲ್ಲಿ ಜನರು ವಾಸ ಮಾಡುತ್ತಿದ್ದಾರೆ
23344756,ಅದೇ ಸಮಯದಲ್ಲಿ ಹಳೆಯ ಪ್ರತಿಜೀವಕ ಮುಕ್ತ ಪರಿಸರಕ್ಕೆ ಅತ್ಯುತ್ತಮವಾಗಿ ಹೊಂದಿಕೊಂಡಿರ ಬೇಕಾದ ಅಗತ್ಯವೇನೂ ಇಲ್ಲ
24148848,ರಿಲೇ ಸ್ಪರ್ಧೆಯಲ್ಲಿ ಪ್ರಥಮರಾಗಿ ತಮ್ಮ ಟೀಮ್ ನ ಬ್ಯಾಟನ್ ೩೬
24087762,ಒಂದು ದಿನ ಚಂದ್ರನು ಬೃಹಸ್ಪತಿಯನ್ನು ಭೇಟಿ ಮಾಡಿದನು
23452248,ಗಣೇಶಯ್ಯ ಮುಂತಾದ ಖ್ಯಾತ ಲೇಖಕರಿಂದ ಸ್ಫೂರ್ತಿ ಪಡೆದು ಬರವಣಿಗೆಯಲ್ಲಿ ತೊಡಗಿದರು
23332514,ಇದು ಭಾರತದ ಕರ್ನಾಟಕ ರಾಜ್ಯದ ಬಾಗಲಕೋಟೆ ಜಿಲ್ಲೆಯಲ್ಲಿ ನಗರ ಪುರಸಭೆಯನ್ನು ಹೊಂದಿದೆ
23643522,ಮಧ್ಯದ ಬಲ ಸೀಟಿನ ಸೊಂಟದ ಆಧಾರವನ್ನು ಹೆಚ್ಚಿಸಿ
23427084,ರಜಪುತ ಇತಿಹಾಸಕ್ಕೆ ಸಂಬಂಧಿಸಿದ ಮರಾಠೀ ಕೃತಿಯ ಅನುವಾದ
23333418,ಅವೆಲ್ಲ ಕರ್ನಾಟಕ ಮೂಲದವೇ ಆಗಿದ್ದುವು ಎಂಬುದು ಕೆಲವು ಇತಿಹಾಸ ಲೇಖಕರ ಅಭಿಪ್ರಾಯ
23431312,ನ್ಯಾಸಧಾರಿ ಒಮ್ಮೆ ಒಪ್ಪಿಕೊಂಡ ಮೇಲೆ ನ್ಯಾಸವನ್ನು ನಿರಾಕರಿಸಬಹುದು
23358462,ಆಗ ಹುಡುಗ ಅವರ ದೋಷಾರೋಪಣೆಗಳನ್ನು ಭರಿಸಲಾಗದೆ ಮನೆ ತೊರೆಯಲು ನಿರ್ಧರಿಸುತ್ತಾನೆ
23386014,ಕೇಂದ್ರ ಸರ್ಕಾರವು ತನ್ನ ತೆರಿಗೆ ವರಮಾನವನ್ನು ರಾಜ್ಯಗಳಿಗೆ ಹಂಚಿಕೆ ಮಾಡುವ ನಿಯಮಗಳಲ್ಲಿ ಕೆಲವೊಂದು ಬದಲಾವಣೆ ಮಾಡಿದೆ
23582392,ಈ ದೇವಾಲಯದ ಪರಿಸರದಲ್ಲಿನ ಪ್ರಶಾಂತತೆ ನಿಜವಾಗಿಯೂ ಒಂದು ಅದ್ಭುತ ಅನುಭವ
23449996,ವ್ಯಾಪಾರಿ ಬ್ಯಾಂಕಿಂಗ್ ಪದ್ದತಿಯು ಬಂಡವಾಳ ಹೂಡಿಕೆ ಬ್ಯಾಂಕಿನ ಖಾಸಗಿ ಈಕ್ವಿಟಿ ವಹಿವಾಟು ನಡೆಸುವ ಒಂದು ವಿಶಿಷ್ಟ ಕಾರ್ಯಚಟುವಟಿಕೆಯಾಗಿದೆ
23543398,ಪರಿಸರ ಮಾಧ್ಯಮದಲ್ಲಿ ಚಯಾಪಚಯ ಕ್ರಿಯೆಯ ಉತ್ಪನ್ನಗಳು ಸಂಗ್ರಹವಾಗುವುದರಿಂದ ಜೀವಕೋಶಗಳ ಬದುಕಿನ ಕ್ರಿಯಾವಿನ್ಯಾಸದಲ್ಲಿ ಅಡೆತಡೆಗಳಾಗುತ್ತವೆ
23619338,ದಯವಿಟ್ಟು ನಾನು ಕನ್ನಾಟ್ ಪ್ಲೇಸ್‌ನಲ್ಲಿ ಬಟ್ಟೆ ಅಂಗಡಿಗಳನ್ನು ಹುಡುಕುತ್ತಿದ್ದೇನೆ.
23466284,ಕೆಳಮಟ್ಟದ ಗೌರವದಲ್ಲಿ ಮಾನವ ತನ್ನನ್ನು ಬೇರೆಯವರು ಗೌರವಿಸಬೇಕೆಂದು ಭಾವಿಸುತ್ತಾನೆ ಆದರೆ ಮೇಲ್ಮಟ್ಟದ ಗೌರವ ಸ್ವಾಭಿಮಾನ ಉಳ್ಳದ್ದು
23377312,ದೊಡ್ಡಣ್ಣ ಅವರು ಕುಟುಂಬದ ವ್ಯಾಪಾರಕ್ಕೆ ಅಗತ್ಯವಾದ ಶಿಕ್ಷಣವನ್ನು ಪಡೆದರು
23446910,ಮೆರಿಯನ್ ತನ್ನ ಕಲಾತ್ಮಕ ತರಬೇತಿಯನ್ನು ತನ್ನ ಮಲತಂದೆ ಜಾಕೋಬ್ ಮಾರ್ರೆಲ್ ಅವರಿಂದ ಪಡೆದರು
23484984,ಇಲ್ಲಿ ಸುಮಾರು ಎರಡು ಸಾವಿರಕ್ಕೂ ಹೆಚ್ಚು ಔಷಧಿ ಸಸ್ಯಗಳಿವೆ ಎಂದು ಗುರುತಿಸಲಾಗಿದೆ
23349040,ರಾಷ್ಟ್ರಕೂಟ ರಾಜವಂಶವನ್ನು ಸ್ಥಾಪಿಸಿದ ದಂತಿದುರ್ಗನ ಎಲ್ಲೋರ ಶಾಸನದಲ್ಲಿ ಅವನ ಪೂರ್ವಿಕರ ಹೆಸರುಗಳನ್ನು ಕೊಟ್ಟಿದೆ
23445100,ಅಸುರರ ರಾಜ ಬಲಿ ಲೋಕವನ್ನು ತನ್ನ ವಶಕ್ಕೆ ತೆಗೆದುಕೊಂಡ
23428676,ಸಾಮ್ರಾಜ್ಯಶಾಹಿ ಪ್ರಭುತ್ವಗಳು ವೈಭವೋಪೇತವಾದ ಕಟ್ಟಡಗಳನ್ನು ಹೊಂದಬೇಕೆಂಬ ಒತ್ತಡಗಳನ್ನು ಹೊಂದಿರುತ್ತಿದ್ದವು
23488572,ಪ್ರತಿಯೊಂದು ದೇಗುಲವು ಮುಂಭಾಗದಲ್ಲಿ ಗರ್ಭಗೃಹಕ್ಕೆ ಅಭಿಮುಖವಾಗಿರುವ ನಂದಿ ಇರುವ ನಂದಿಮಂಟಪವನ್ನು ಹೊಂದಿದೆ
24061880,ಇಲ್ಲಿ ೨೭೨ ಪುರುಷರು ಮತ್ತು ೨೬೩ ಮಹಿಳೆಯರು ಇದ್ದಾರೆ
23469482,ವಿಜಯನಗರ ಅರಸರ ಮತ್ತು ಮೈಸೂರು ರಾಜರ ಆಳ್ವಿಕೆಯಲ್ಲಿ ಈ ಕಲೆಯು ಉಚ್ಛ್ರಾಯ ಸ್ಥಿತಿಯಲ್ಲಿತ್ತು
23332856,ಈ ಕ್ರಮದ ನಂತರ ಅವರು ಫಾರ್ಮ್ ಅನ್ನು ಮರಳಿ ಪಡೆದರು
23545056,ಈ ಸಿನಿಮಾದಲ್ಲಿ ಶ್ರೀನಿ ಅವರು ಕಮರ್ಷಿಯಲ್ ಸಿನಿಮಾದಲ್ಲಿ ನಾಯಕ ನಟನಾಗಿ ಪಾದಾರ್ಪಣೆ ಮಾಡಿದರು
23444022,ಹೀಗಾಗಿ ಈ ಮೀನುಗಳನ್ನು ಅನುವಂಶಿಕ ಅಧ್ಯಯನಗಳಲ್ಲಿ ಹೆಚ್ಚಾಗಿ ಬಳಸಲಾಗುತ್ತಿದೆ
23622522,ದಯವಿಟ್ಟು ಬೆಳಗಾವಿಯ ಹತ್ತಿರದ ಪುಸ್ತಕದಂಗಡಿಗಳನ್ನು ಹುಡುಕಿ.
23465928,ರಸ್ತೆಗಳ ಸೃಷ್ಟಿ ಮತ್ತು ಲಾಗಿಂಗ್ ಪಕ್ಷಿಗಳು ಮತ್ತು ಇತರ ಪ್ರಾಣಿಗಳು ಕಾಡಿನ ಆ ವಿಭಾಗಗಳಲ್ಲಿ ವಾಸಿಸುವುದನ್ನು ತಡೆಯುತ್ತದೆ
23358114,ಇಂತಹ ಪ್ರದೇಶಗಳಲ್ಲಿ ಹಲವಾರು ನೈಸರ್ಗಿಕ ಕಾಲುವೆಗಳು ಈ ಎರಡೂ ಕವಲುಗಳನ್ನು ಜೋಡಿಸುತ್ತವೆ
23376206,ಗೊಡ್ಡುಗೇರು ಮರದ ಹೆಚ್ಚು ಉಪಯುಕ್ತ ಭಾಗವೆಂದರೆ ಅದರ ಕಾಯಿಗಳು
23534156,ಇವರ ಪೋಷಕರು ಮಿರ್ಜಾ ಖಾಸಿಮ್ ಚುಗತಾಯಿ ಮತ್ತು ನುಸ್ರತ್ ಖಾನಮ್
23418024,ರಾತ್ರಿ ಸೇವೆಯ ನಂತರ ವಿಗ್ರಹವನ್ನು ರಥದಲ್ಲಿ ಮೆರವಣಿಗೆಯಲ್ಲಿ ಹೊರತರಲಾಗುತ್ತದೆ
23587774,ಈ ವರ್ಷ ಮಹಾ ನವಮಿ ಯಾವಾಗ ಬರುತ್ತದೆ?
23522304,ರಾಷ್ಟ್ರೀಯ ಸರ್ವಭಾಷಾ ಕವಯಿತ್ರಿ ಸಮ್ಮೇಳನದಲ್ಲಿ ಸರಸ್ವತಿ ಚಿಮ್ಮಲಗಿ ಪ್ರಶಸ್ತಿ ನೀಡಲಾಗಿದೆ
23470716,ಅವರು ವಿರೋಧಿ ಗುಂಪುಗುಳಿತನವು ಒಂದು ಕಾರ್ಯಸೂಚಿಯನ್ನು ಮುಂದುವರಿಸಿತು ಮತ್ತು ತನ್ನ ಸಹಪಾಠಿಗಳ ನಡುವೆ ಹೆಚ್ಚಿನ ಸೈದ್ಧಾಂತಿಕ ಶಿಕ್ಷಣ ಪ್ರೋತ್ಸಾಹಿಸಲು ಪ್ರಯತ್ನಿಸಿದರು
23585528,ಉತ್ಪಾದಕತೆಯನ್ನು ಹೆಚ್ಚಿಸಲು ರೋಗದ ನಿರ್ವಹಣೆ ಮಾಡುವುದು ಸಾಮಾನ್ಯವಾಗಿ ಕೃಷಿ ಯೋಜನೆಯನ್ನು ಜಾರಿಗೆ ತರುವ ಮೊದಲ ಹೆಜ್ಜೆಯಾಗಿದೆ
23379076,ಇದು ಸಸ್ಯ ಮತ್ತು ಪ್ರಾಣಿ ಹಾಗೂ ಉತ್ತಮವಾಗಿ ಸಮೃದ್ಧಿಯಾದ ಹಸಿರಿನಿಂದ ಸುತ್ತುವರಿದಿದೆ
23632562,ನನಗೆ ಈ ವರ್ಷದ ದೀಪಾವಳಿ ದಿನಾಂಕವನ್ನು ಹೇಳಿ.
23522732,ಕಾಂಗ್ರೆಸ್ ಪಕ್ಷದ ಹಲವಾರು ಸಾಮಾಜಿಕ ಸೇವಾ ಶಿಬಿರಗಳನ್ನು ಆಯೋಜಿಸಲು ಅವರು ಸಹಾಯ ಮಾಡಿದರು
23495326,ಈ ವಿಜಯಗಳ ವಿವರಗಳನ್ನು ಈ ಶಾಸನದಲ್ಲಿ ಕೆತ್ತಲಾಗಿದೆ
23425580,ಬಲ ಮೇಲ್ಭಾಗದಲ್ಲಿ ನಕ್ಷತ್ರ ಮತ್ತು ಅರ್ಧಚಂದ್ರಾಕಾರ ರಚನೆ ಇದೆ
23583610,ಇದು ಹಿಂದೆ ಒಂದು ಪಾಳೆಯಪಟ್ಟಿನ ಕೇಂದ್ರವಾಗಿದ್ದು ಪಾಳೆಯಗಾರರ ಕಾಲದಲ್ಲಿ ಕಟ್ಟಿದ ಕೋಟೆ ಊರಿಗೆ ತಾಗಿ ನಿಂತ ಬೆಟ್ಟದ ಮೇಲೆ ಇದೆ
23381972,ಬ್ಯಾಂಕ್ ತಮ್ಮ ಅಂತರಾಷ್ಟ್ರೀಯ ಕಾರ್ಯಾಚರಣೆಗಳನ್ನು ವಿಸ್ತರಿಸಲು ಬಯಸುವ ಭಾರತೀಯ ವ್ಯವಹಾರಗಳಿಗೆ ಹಲವಾರು ಸಲಹಾ ಮತ್ತು ಬೆಂಬಲ ಸೇವೆಗಳನ್ನು ಒದಗಿಸುತ್ತದೆ
23503008,ಸಮಾಜದ ವಿಭಿನ್ನ ವರ್ಗಗಳಿಗೆ ಪ್ರತ್ಯೇಕ ಅಭಿಪ್ರಾಯದ ಹಕ್ಕನ್ನು ನೀಡಲು ಹಲವು ಬಹುಸಭೆಗಳ ಶಾಸಕಾಂಗಗಳನ್ನು ರಚಿಸಲಾಯಿತು
23379024,ಮಳೆಗಾಲದಲ್ಲಿ ಈ ಕೆರೆಗಳು ತುಂಬಿದರೆ ಬೇಸಿಗೆಕಾಲದ ಅಂತ್ಯದವರೆಗೂ ಬತ್ತುವುದಿಲ್ಲ
23554574,ಆದರೆ ಕೆಲವು ಸ್ಪರ್ಧೆಗಳಲ್ಲಿ ನಿಯಮಗಳನ್ನು ಬದಲಾಯಿಸಲು ಅಥವಾ ಬೇರೆ ಕ್ರಮದಲ್ಲಿ ಅಳವಡಿಸಿಕೊಳ್ಳಲು ಒಪ್ಪಂದಗಳನ್ನು ಮಾಡಿಕೊಳ್ಳಬಹುದು
23416722,ತಿರುವಳ್ಳುವರ್ ತಮಿಳಿನ ಪ್ರಸಿದ್ಧ ಕವಿ ಮತ್ತು ತತ್ವಜ್ಞಾನಿ
23377624,ನೂರಾರು ಜನ ಏಟು ತಿಂದು ಆಕಡೆ ಈಕಡೆ ಓಡಿದರು
23417890,ಜಗನ್ನಾಥ ದೇವರನ್ನು ವಿಷ್ಣು ಅಥವಾ ನಾರಾಯಣನ ಅಥವಾ ಕೃಷ್ಣ ಎಮದು ಪೂಜಿಸಲಾಗುತ್ತದೆ
23474088,ಇದರ ವಿರುದ್ಧ ಕ್ರಿಯೆ ಎಂದರೆ ವಸ್ತುವು ದ್ರವರೂಪದಿಂದ ಘನರೂಪಕ್ಕೆ ತಿರುಗುವ ತಾಪಮಾನವನ್ನು ಸ್ಪಟಿಕೀಕರಣ ತಾಪಮಾನ ಎಂದು ಕರೆಯುತ್ತಾರೆ
23355962,ಇದು ಪೆಲ್ವಿಕ್ ಉರಿಯೂತದ ಕಾಯಿಲೆಗೆ ಕಾರಣವಾಗುವ ವರ್ಣಪಟಲದ ರೋಗಗಳ ಭಾಗವಾಗಿದೆ
23615756,ದಯವಿಟ್ಟು ಡ್ರೈವರ್ ಸೈಡ್‌ನ ಡೋರ್ ಅನ್ನು ಬಂದ್ ಮಾಡು
24178620,ಅನಂತರ ದಿ ನ್ಯೂ ಇನ್ ಎಂಬ ನಾಟಕ ಕೃತಿಯನ್ನು ಪ್ರಕಟಿಸಿದ
23475344,ಹೀಗಾಗಿ ದಕ್ಷಿಣ ಭಾರತ ಶಾಸನ ಪ್ರಸಿದ್ಧಿ ಪಡೆದಿತ್ತು
23520368,ಪರಿಸರ ಸಂರಕ್ಷಕರು ಇವುಗಳನ್ನು ಕಾಪಾಡುವ ಕಾರ್ಯಕ್ಕೆ ಕೈ ಹಾಕಿದ್ದಾರೆ
23440966,ಆಹಾರದ ಬಗೆ ಆಹಾರವನ್ನು ತಿನ್ನುವ ರೀತಿ ಇದಕ್ಕೆ ಅನುಗುಣವಾಗಿ ಬಾಯಿಯ ಗಾತ್ರ ಮತ್ತು ಸ್ಥಾನಗಳಲ್ಲಿ ವೈವಿಧ್ಯ ಕಾಣಬರುತ್ತದೆ
23527368,ಅವರ ಸತತ ಪ್ರಯತ್ನದ ಫಲವಾಗಿ ಇಂದು ಅನೇಕ ಹಳ್ಳಿಗಳಲ್ಲಿ ಪರಿವರ್ತನೆಯ ಹೊಸ ತಂಗಾಳಿ ಬೀಸುತ್ತಿದೆ
23464434,ಪ್ರಸ್ತುತ ಕರ್ನಾಟಕ ಸರ್ಕಾರದ ಕನ್ನಡ ಅಭಿವೃದ್ಧಿ ಪ್ರಾಧಿಕಾರದ ಅಧ್ಯಕ್ಷರಾಗಿ ಕಾರ್ಯ ನಿರ್ವಹಿಸುತ್ತಿದ್ದಾರೆ
23368128,ಇವರೆಲ್ಲರ ನಡುವೆ ಭಾರೀ ಹೊಸ ಅಲೆಯನ್ನು ತಂದ ಸಂಗೀತ ನಿರ್ದೇಶಕರು ಎಂದರೆ ಹಂಸಲೇಖ ಅವರು
23491982,ಹಾಗಾಗಿ ಇದನ್ನು ಕನಿಷ್ಠ ತೆರಿಗೆ ಸಮೂಹಕ್ಕೆ ಸೇರಿಸಲಾಗಿದೆ
23552936,ಮಡಿಕೆ ಎಂಬುವುದು ಮಣ್ಣಿನಿಂದ ಮಾಡಲ್ಪಟ್ಟ ಒಂದು ವಸ್ತು
24200582,ಹಣಕಾಸು ಇಲಾಖೆಯನ್ನು ಜುಲೈ ೧೯೨೦ರ ಕಾಯಿದೆಯ ಪ್ರಕಾರ ಸ್ಥಾಪಿಸಲಾಗಿದೆ
23507094,ವೈಯಕ್ತಿಕ ಮಟ್ಟದಲ್ಲಿ ಒಬ್ಬ ವ್ಯಕ್ತಿಯು ಸ್ಥೂಲಕಾಯತೆಯನ್ನು ಹೊಂದಿರಬಹುದು
23560004,ಇದು ಭಾರತದ ಕೆಲವು ಪ್ರಮುಖ ವೈಜ್ಞಾನಿಕ ಮತ್ತು ಪರಮಾಣು ಸಂಸ್ಥೆಗಳಿಗೆ ನೆಲೆಯಾಗಿದೆ
23608102,ಡ್ರೈವರ್ ಸೈಡ್‌ನ ಡೋರ್ ಮುಚ್ಚು ಮತ್ತು ಅದನ್ನು ಲಾಕ್ ಮಾಡಿ
23346750,ಡಿಗ್ರಿ ಹಾಲಿನಿಂದ ತಯಾರಿಸಿದ ಕಾಫಿಯನ್ನು ಡಿಗ್ರಿ ಕಾಫಿ ಎಂದು ಕರೆಯಲಾಯಿತು ಎಂದು ಹೇಳಲಾಗುತ್ತದೆ
23579734,ಈ ಕೆಲಸಗಳನ್ನು ಮಾಡುವಾಗ ಸ್ಥಳೀಯ ಪ್ರದೇಶದ ಎಚ್ಚರದ ಮಟ್ಟ ಹೆಚ್ಚಾಗುತ್ತದೆ
23382986,ಮೇಗಿನ ನೆಲೆಯ ತೀರ್ಥಂಕರರು ಕೆಳಗಿನ ನೆಲೆಯಲ್ಲಿ ಪೂಜಿಸಲ್ಪಡುತ್ತಿದ್ದಾರೆ
23426936,ಈ ವ್ಯತ್ಯಯದ ಸಮಯದಲ್ಲಿ ನಮ್ಮ ದೇಹದಲ್ಲಿ ಬಹಳಷ್ಟು ಬದಲಾವಣೆಗಳಾಗುತ್ತವೆ
24075178,೧೧ ಮಕ್ಕಳಲ್ಲಿ ಐದು ಜನರು ಈ ವಿಶ್ವಾಸ ಸ್ವೀಕರಿಸಿದ್ದರು
23447294,ಗೌರಿ ಅವರ ವಿರುದ್ಧ ಪ್ರಕರಣವನ್ನು ವಜಾ ಮಾಡಲು ಕೋರಿ ಹೈಕೋರ್ಟ್ ಗೆ ತೆರಳಿದರು
23365962,ಸೋವಿಯತ್ ಒಕ್ಕೂಟದ ಇತರ ರಾಜ್ಯಗಳಂತೆ ಇಲ್ಲೂ ಕಾರ್ಮಿಕ ಸಂಘಗಳು ಪ್ರಮುಖ ಸಾಮಾಜಿಕ ಆರ್ಥಿಕ ಪಾತ್ರ ವಹಿಸುತ್ತವೆ
23427678,ಈ ನಮೂನೆಯ ಕ್ಯಾಮರಗಳ ಮಸೂರವನ್ನು ಹಿಂದೆ ಮುಂದೆ ಚಲಿಸಿ ಚಿತ್ರ ಫಿಲ್ಮಿನ ಮೇಲೆ ಸ್ಫುಟವಾಗಿ ಮೂಡಿಬರುವಂತೆ ಮಾಡಬಹುದು
23550746,ಅವರ ಹೆಂಗಸರ ಮುಖ ಮಕ್ಕಳ ಮುಖದಂತೆ ಕಾಣಿಸುತ್ತದೆ
23554464,ಪುತ್ತೂರಿನ ಸಂತ ಫಿಲೋಮಿನ ಕಾಲೇಜಿನಿಂದ ವಿಜ್ಞಾನದಲ್ಲಿ ಪದವಿಯನ್ನು ಪಡೆದರು
23326880,ಅವರು ಸೇವೆ ಸಲ್ಲಿಸಿದ ಕೆಲವು ಜೈಲು ಶಿಕ್ಷೆಗಳನ್ನು ಕೆಳಗೆ ವಿವರಿಸಲಾಗಿದೆ
23647510,ಮುಂಭಾಗದ ಬಲಗಡೆಯ ಆಸನವನ್ನು ಮುಂದಕ್ಕೆ ಒರಗಿಸುವಿರಾ
23356304,ಈ ರಾಗದ ಆರೋಹಣ ಮತ್ತು ಅವರೋಹಣದ ಸ್ವರಗಳು ಈ ಕೆಳಗಿನಂತಿವೆ
23632282,ನನಗಾಗಿ ರೈಲು ನಿಲ್ದಾಣಗಳನ್ನು ಹುಡುಕಿ.
23382668,ಬಂಟ್ವಾಳ ತಾಲೂಕಿನ ಒಂದು ಪುಟ್ಟ ಊರು ಕನ್ಯಾನ
23367254,ಮೂಲ ಫ್ರೆಂಚ್ ಮೆಟ್ರಿಕ್ ವ್ಯವಸ್ಥೆಯು ಲೀಟರ್ ಅನ್ನು ಒಂದು ಮೂಲ ಘಟಕವಾಗಿ ಬಳಸಿತು
23441878,ಅವರ ಸಹೋದರ ಜವಹರಲಾಲ್ ಹಲವಾರು ವಾದಿರಾಜ್ ಚಿತ್ರಗಳ ಸಹನಿರ್ಮಾಪಕರಾಗಿದ್ದರು
23442480,ಅವನಿಗೆ ರಾಷ್ಟ್ರೀಯ ಸಭೆಯನ್ನು ರದ್ದು ಮಾಡುವ ಅಧಿಕಾರವಿರುತ್ತದೆ
23992830,೧೯೮೩ ರಿಂದ ೨೦೦೫ ರ ವರೆಗೆ ಭಾರತವು ಕುಷ್ಠರೋಗವನ್ನು ಸಾರ್ವಜನಿಕ ಆರೋಗ್ಯ ಸಮಸ್ಯೆಯಾಗಿ ತೊಡೆದುಹಾಕಲು ಯಶಸ್ವಿ ಕಾರ್ಯಕ್ರಮಗಳನ್ನು ಆಯೋಜಿಸಿತು
23522644,ಕೆಲಸದ ಕಾರ್ಯಕ್ಷಮತೆಯು ಕೆಲಸದ ವಿವರಣೆಗಳು ಮತ್ತು ಸಂಭಾವನೆ ವ್ಯವಸ್ಥೆಗಳಲ್ಲಿ ಗುರುತಿಸಲ್ಪಟ್ಟ ನಡವಳಿಕೆಯ ಪಾತ್ರಗಳಿಗೆ ಸಂಬಂಧಿಸಿದೆ
23551914,ಸೇವಕರು ಅವಳನ್ನು ನಿಜವಾದ ಜೀವಂತ ಹೆಬ್ಬಾವನ್ನು ಕಂಡು ಅವರನ್ನು ಮದುವೆಯಾಗುತ್ತಾರೆ
23475532,ಪ್ರಾಥಮಿಕ ಶಿಕ್ಷಣವನ್ನು ನಿರ್ಮಲಾ ಬಾಲಕಿಯರ ಹೈಯರ್ ಸೆಕಂಡರಿ ಶಾಲೆಗೆ ಹೋದರು
23485516,ಇಲ್ಲಿಂದ ನರಗಳು ಶರೀರದ ವಿವಿಧ ಭಾಗಗಳಿಗೆ ಹೊರಡುತ್ತವೆ
23538802,ಬೆಳಕಿನ ವೇಗವೂ ಇಷ್ಟೆ ಎಂದು ಪ್ರಯೋಗಗಳಿಂದ ತಿಳಿಯಿತು
23366522,ರಾಬರ್ಟ್ ಪ್ರಮಾಣೀಕೃತ ಸಾರ್ವಜನಿಕ ಅಕೌಂಟೆಂಟ್ ಆದರು ಮತ್ತು ಫ್ಲೋರಿಡಾದ ಒರ್ಲ್ಯಾಂಡೊ ನಗರ ವ್ಯವಸ್ಥಾಪಕರಾಗಿ ಸೇವೆ ಸಲ್ಲಿಸಿದರು
23553114,ಇದರಿಂದಾಗಿ ಸಹಾ ಸಾಪೇಕ್ಷತಾ ಸಿದ್ಧಾಂತದಲ್ಲಿ ಹೆಚ್ಚಿನ ಆಸಕ್ತಿಯನ್ನು ಹೊಂದಿದರು
23383336,ಅವೆರಡು ದರ್ಶನಗಳನ್ನೂ ಒಂದೇ ಗ್ರಂಥದಲ್ಲಿ ವಿವರಿಸುವ ಸಂಪ್ರದಾಯ ರೂಢಿಗೆ ಬಂತು
23593700,ಚಾಲಕನ ಬದಿಯ ಬಾಗಿಲನ್ನು ಹಾಕಿ
23438832,ಪೀಠದಲ್ಲಿ ವಿಷ್ಣುವಿನ ಅವತಾರಗಳನ್ನು ಬಹು ಸುಂದರವಾಗಿ ಕೆತ್ತಿದ್ದಾರೆ
23484580,ಅಗರ್ವಾಲ್ ಪಂಜಾಬಿನ ಲುಧಿಯಾನದಲ್ಲಿ ಪಂಜಾಬಿ ಹಿಂದೂ ಕುಟುಂಬದಲ್ಲಿ ಹುಟ್ಟಿ ಬೆಳೆದರು
23496810,ಸಂಪೂರ್ಣ ಬೆಳವಣಿಗೆಯಾದ ಮುಳ್ಳುಗಳು ಕಾಂಡದ ಕೆಳಭಾಗಕ್ಕೆ ಸರಿದು ಹೊಸ ಮುಳ್ಳುಗಳು ಬೆಳೆಯುತ್ತದೆ
23399300,ಈ ಹೆಸರು ತನ್ನ ಭಕ್ತರು ದೇವರೆಡೆಗೆ ಆಕರ್ಷಿತರಾಗುವ ಪ್ರಬಲ ಸ್ವರೂಪವನ್ನು ವಿವರಿಸುತ್ತದೆ
23547350,ಇದಾದ ಬಳಿಕ ಅನೇಕ ಸುಧಾರಣೆಗಳಾಗಿ ಹಲವಾರು ನಮೂನೆ ಟಾರ್ಪೀಡೊಗಳು ರಚಿಸಲ್ಪಟ್ಟವು
23414076,ಡಾಂಗೋಲದ ಪೂರ್ವ ಭಾಗ ವಿನಾ ಉಳಿದೆಲ್ಲ ಭಾಗ ಮರುಭೂಮಿ
23432968,ಮಾತೆ ಪದ್ಮಾವತಿ ದೇವಿಯ ಮೂರ್ತಿಯು ಈಗ ಪಶ್ಚಿಮಕ್ಕೆ ಮುಖ ಮಾಡಿಕೊಂಡಿದೆ
23382820,ಪ್ರತಿದಿನ ಲಕ್ಷಾಂತರ ಭಕ್ತರು ದೇವಾಲಯಕ್ಕೆ ಭೇಟಿ ನೀಡುತ್ತಾರೆ
23431046,ಉದಾಹರಣೆಗೆ ರಾಜವಂಶದವರು ಯಾವುದೇ ಚುನಾವಣೆಯಲ್ಲಿ ಅಥವಾ ಜನಾಭಿಪ್ರಾಯ ಸಂಗ್ರಹಣೆಯಲ್ಲಿ ಮತದಾನದ ಹಕ್ಕಿದ್ದರೂ ಸಹ ಮತ ಚಲಾಯಿಸುವ ಹಾಗಿಲ್ಲ
23632730,ನನಗೆ ಈಗ ವಾಷಿಂಗ್ಟನ್ ಡಿಸಿಯ ಸಮಯ ಬೇಕು.
23369220,ಆದ್ದರಿಂದ ಕೃಷಿಯ ದೃಷ್ಟಿಯಿಂದ ಕೆಲವೇ ಮೀಟರುಗಳಷ್ಟು ಆಳದ ವರೆಗೆ ಮಣ್ಣನ್ನು ಪರಿಶೀಲಿಸಿದರೆ ಸಾಕು
23409314,ಕಾಯದಲ್ಲಿ ಸ್ವಲ್ಪ ಪ್ರಮಾಣದಲ್ಲಿ ಹಿಂಸೆಯು ಅನಿವಾರ್ಯ ಕಾರಣದಿಂದ ಆಗುತ್ತದೆ
23523152,ಪರಿಸರೀಯ ಅಳಿವು ಮತ್ತು ನವನವೀನ ಸಾಗರದಲ್ಲಿ ವಿಕಸನ
23390762,ಅಕ್ಕಿ ಮತ್ತು ರಾಗಿ ಜೊತೆಗೆ ಗೋಧಿ ಉತ್ತರ ಭಾರತದ ಪ್ರಧಾನ ಆಹಾರವಾಗಿದೆ
23383896,ಈ ಸ್ಥಿತಿಯಲ್ಲಿ ಅಪಧಮನಿ ಸಾಮಾನ್ಯವಾಗಿ ಸ್ಥಳೀಯವಾಗಿ ಉಬ್ಬಿಕೊಂಡಿರುತ್ತದೆ
23470646,ಇದು ಟಿಪ್ಪಣಿಗಳ ಗುಂಪಿನೊಳಗೆ ಅಂತ್ಯವಿಲ್ಲದ ಬದಲಾವಣೆಯನ್ನು ಅನುಮತಿಸುತ್ತದೆ
23987620,ಒಬ್ಬರು ವೀಣೆ ಮತ್ತೊಬ್ಬರು ಪಿಟೀಲು ನುಡಿಸಿ ದ್ವಂದ್ವ ಕಚೇರಿಗಳನ್ನು ನೀಡುತ್ತಿದ್ದರು
23472434,ಇಂಥ ಸಂದರ್ಭದಲ್ಲೂ ಶಾರದಾ ಶಾಸ್ತ್ರಿಯವರು ನಾಟಕಗಳನ್ನು ನಿರ್ದೇಶಿಸಿ ಪಾತ್ರಗಳನ್ನು ರಂಗ ಪ್ರಯೋಗಕ್ಕೆ ತರುವುದರಲ್ಲಿ ಸಫಲರಾದರು
24278494,ನೈನ್ಟಿ ಒನ್ ಪಾಯಿಂಟ್ ನೈನ್ ಎಫ್‌ಎಂ
23512862,ಸಭೆ ಮುಕ್ತಾಯಗೊಂಡ ಮೇಲೆ ಮಂಡಲಿಯ ಶಾಖೆಗಳನ್ನು ಪ್ರಮುಖ ನಗರಗಳಲ್ಲಿ ಸ್ಥಾಪಿಸಲಾಯಿತು
23415654,ಇವರು ಸ್ವಲ್ಪ ದೂರದಿಂದ ಓಡಿಬರುವ ಮೂಲಕ ಅಸಾಮಾನ್ಯ ವೇಗದಲ್ಲಿ ಬೌಲ್ ಮಾಡುತ್ತಿದ್ದರು
23492208,ಕಡಲತೀರದ ವೈಲಕ್ಷಣ್ಯವು ಬೇಸಿಗೆ ಕಾಲದಲ್ಲಿನ ಸೌಮ್ಯ ತರಂಗ ಕ್ರಿಯೆಯ ಕಾರಣದಿಂದ ಈ ಕಾಲದಲ್ಲಿ ಹೆಚ್ಚಾಗಿರುತ್ತದೆ
23405074,ಇಂಗ್ಲೆಂಡಿನ ಕಾಫಿ ಮನೆಗಳು ಜನಪ್ರಿಯ ವ್ಯಾಪಾರ ಕೇಂದ್ರಗಳೂ ಆದವು
23608792,ತಲಕಾವೇರಿ ಹತ್ತಿರ ಸರ್ಕಾರಿ ಕಟ್ಟಡ ಎಲ್ಲಿದೆ?
23517454,ಅಲ್ಲಿ ಅವರು ತಮ್ಮ ವೈಜ್ಞಾನಿಕ ಸಂಶೋಧನೆಗಳನ್ನು ನಡೆಸಿದರು
23454180,ಈ ನೂತನ ವಿಧಾನದಿಂದ ಹಲವಾರು ಹೊಸ ಆಕರಗಳು ಪತ್ತೆಯಾಗಿವೆ
23532210,ಇದರ ತೂಕ ಸುಮಾರು ಒಂದು ಲಕ್ಷ ಪೌಂಡ್ ಇದ್ದಿರಬಹುದು
23547718,ಪ್ರಯಾಣಿಕರು ತಮ್ಮ ಆಸನಗಳ ಮೇಲೆ ಕೂಡಲು ಹಿಂದಿನಿಂದ ಹತ್ತುತ್ತಾರೆ ಮತ್ತು ಚಾಲಕನು ಗಾಡಿಯ ಮುಂದಿನ ಭಾಗದಲ್ಲಿ ಕೂಡುತ್ತಾನೆ
23408076,ಎಷ್ಟೋ ಇಂಗ್ಲಿಷ್ ಶಬ್ದಗಳು ಪಾಲಿನೇಷಿಯನ್ ಭಾಷೆಯಲ್ಲಿ ಅಲ್ಲಲ್ಲಿನ ಉಚ್ಚಾರಣಾ ಪದ್ಧತಿಯಂತೆ ಮಾರ್ಪಟ್ಟವು
23387500,ಆದ ಕಾರಣ ಈಗ ರೆಡಿಮೇಡ್ ಪೇಟವನ್ನು ಧರಿಸುವರು
23505554,ಈ ಶೈಲಿಯ ಕೆಲವು ಮಾದರಿಗಳನ್ನು ಈ ಕೆಳಗೆ ತೋರಿಸಲಾಗಿದೆ
23483390,ಬರ್ಕ್ ರಿಲಿಜಿಯಸ್ ಥಾಟ್ ಧರ್ಮ ನಾಗರಿಕ ಸಮಾಜದ ಅಡಿಪಾಯ ಎಂದು ನಂಬಿಕೆ ನೆಲೆಗೊಳಿಸಲು ಮಾಡಲಾಯಿತು
23580474,ಅಖಿಲ ಭಾರತೀಯ ವೈದ್ಯಕೀಯ ವಿಜ್ಞಾನ ಶಿಕ್ಷಣ ಸಂಸ್ಥೆಗೆ ಅವರನ್ನು ಕೊಂಡೊಯ್ಯಲಾಯಿತು
24166998,ಅವರು ಸ್ವತಃ ಚದುರಂಗ ಆಟಗಾರರಾದ ದ್ರೋಣಾಚಾರ್ಯ ಪ್ರಶಸ್ತಿ ವಿಜೇತ ರಘುನಂದನ್ ಗೋಖಲೆ ಅವರನ್ನು ವಿವಾಹವಾಗಿದ್ದಾರೆ
23607604,ಡ್ರೈವರ್ ಬಾಗಿಲು ಮುಚ್ಚಿರಿ
23483594,ಆದರೆ ಈ ಕಡ್ಲೆ ಮನೋಲಿ ಒಂದು ಸಸ್ಯಾಹಾರಿ ಆವೃತ್ತಿಯಾಗಿದೆ
23503792,ಉತ್ತರ ಪಶ್ಚಿಮಗಳಲ್ಲಿ ಲಿಂಪೋಪೋ ನದಿಯೇ ಇದರ ಮೇರೆ
23554098,ಪಂಚ ಮಂದಿರ ಎನ್ನುವುದು ಹಲವು ಹಿಂದೂ ದೇವ ದೇವತೆಗಳಿಗೆ ಅರ್ಪಿತವಾದ ಸಣ್ಣ ಸಣ್ಣ ಮಂದಿರಗಳು ಸಂಕೀರ್ಣ
23381788,ಜನನದ ನಂತರ ಜೇಡರ ಮರಿಗಳು ಗಾಳಿಯ ಮೂಲಕ ದೊಡ್ಡ ಪ್ರದೇಶಗಳಿಗೆ ಹರಡಿಕೊಳ್ಳುತ್ತವೆ
24167316,ಮೊದಲಿಗೆ ನಿರ್ಮಾಣ ಲಿಖನ್ ಹೈಪೆರ್ಸ್ಪೋರ್ಟ್ ಫೆಬ್ರವರಿ ೨೦೧೩ ರಲ್ಲಿ ಕತಾರ್ ಮೋಟಾರು ಪ್ರದರ್ಶನದಲ್ಲಿ ಆರಂಭಿಸಲಾಯಿತು
23531170,ನಡುಗನ್ನಡ ಶಬ್ದಗಳು ಮಾಯವಾಗಿ ಹೊಸ ಹೊಸ ಶಬ್ದಗಳು ತಲೆದೋರಿದುವು
23415488,ಈ ಪಟ್ಟಣದಲ್ಲಿ ಒಂದು ಅಡಕೆ ಸಂಶೋಧನ ಸಂಸ್ಥೆ ಇದೆ
23402796,ಕಪೂರ್ ಸಂಪ್ರದಾಯದಂತೆ ಕರಿಶ್ಮಾ ತಮ್ಮ ಅಜ್ಜನ ಮನೆಯಲ್ಲಿ ಮದುವೆಯಾದರು
23379146,ಕಾಡು ಕರಿಬೇವು ನಿತ್ಯ ಹರಿದ್ವರ್ಣದ ಹಸಿರು ಪೊದೆಸಸ್ಯ
23335622,ಕಡಿಮೆಯಾದರೆ ಗಿಡದ ಧಾನ್ಯ ಉತ್ಪಾದನೆಯ ಸಾಮರ್ಥ್ಯ ಕಡಿಮೆಯಾಗುತ್ತದೆ
23520300,ಸಿಂಗ್ ಅವರು ಕರ್ನಾಟಕ ಮತ್ತು ಸುತ್ತಮುತ್ತಲಿನ ಶೂಟಿಂಗ್ ಸ್ಥಳಗಳನ್ನು ಅನ್ವೇಷಿಸಲು ಮೊದಲಿಗರು ಎಂಬ ಹೆಗ್ಗಳಿಕೆಗೆ ಪಾತ್ರರಾಗಿದ್ದಾರೆ
23516250,ಈ ಚಾವು ಮುಖವಾಡಗಳನ್ನು ಸೂತ್ರಧಾರ ಸಮುದಾಯದ ಕಲಾವಿದರು ತಯಾರಿಸುತ್ತಾರೆ
23624370,ದಯವಿಟ್ಟು ಮಧ್ಯದ ಸಾಲಿನ ಎಡಗಡೆಯ ಸೀಟಿನ ಸೀಟಿನ ಹೀಟರ್ ಅನ್ನು ಸ್ಥಗಿತಗೊಳಿಸು
24236144,ಗಣೇಶ ತನ್ನ ಸಾಂಪ್ರದಾಯಿಕ ರೂಪದಲ್ಲಿ ಸ್ಪಷ್ಟವಾಗಿ ಗುರುತಿಸಬಹುದಾದ ದೇವತೆಯಾಗಿ ಕ್ರಿ
24275694,ಕಚೇರಿಯಲ್ಲಿರುವ ರಜತ್‌ಗೆ ಡಯಲ್ ಮಾಡಿ.
23473226,ನೋಡಿ ಕಛೇರಿಯಲ್ಲಿ ಹಾಡಲಾಗುವ ಶುಭಪಂತುರಾವಳಿ ರಾಗದ ಕೆಲವು ಸಾಮಾನ್ಯ ಸಂಯೋಜನೆಗಳು ಇಲ್ಲಿವೆ
23629348,ದಯವಿಟ್ಟು ಹಿಂದಿನ ಸಾಲಿನ ಬಾಗಿಲುಗಳನ್ನು ಅನ್ಲಾಕ್ ಮಾಡಿಅವುಗಳನ್ನು ಓಪನ್ ಮಾಡು
23584006,ಇವರಿಗೆ ಮಾಲ ಹೆನ್ರಿಕ್ ಹಾಗೂ ಅನುರಾಧಾ ಹೆನ್ರಿಕ್ ಎಂಬ ಇಬ್ಬರು ಪುತ್ರಿಯರಿದ್ದಾರೆ
24098928,೧೯೮೦ರ ಏಪ್ರಿಲ್ ೧೫ ರಂದು ಬ್ಯಾಂಕ್ ರಾಷ್ಟ್ರೀಕರಣಗೊಂಡಿತು
24229100,೧೮೨೮ ರಿಂದ ೧೮೪೨ ರವರೆಗೆ ರಗ್ಬಿ ಶಾಲೆಯ ಮುಖ್ಯೋಪಾಧ್ಯಾಯನಾಗಿದ್ದ
23333274,ಒಂದು ಬಾರಿ ಎಪ್ಪತ್ತೈದು ಪ್ರತಿಶತದಷ್ಟು ಪ್ರಪಂಚದ ಪ್ರಮುಖ ಮೀನುಗಾರಿಕೆಗಳು ಗರಿಷ್ಠ ಸಮರ್ಥನೀಯ ಉತ್ಪನ್ನವನ್ನು ತಲುಪಿವೆ ಅಥವಾ ಮೀರಿವೆ
23509380,ವೆಂಕಮಾಂಬ ಅವರ ಪಾತ್ರವನ್ನು ಮೀನಾ ದುರೈರಜ್ ಅವರು ಮಾಡಿದ್ದಾರೆ
23609390,ದಯವಿಟ್ಟು ಎಡ ಎಲ್ಲಾ ಆಸನದ ಹೀಟರ್‌ಗಳನ್ನು ಕಡಿಮೆ ಮಾಡಿ
23578800,ಎಲ್ಲಾ ಬೆಳೆಯನ್ನು ಸುಟ್ಟು ಹಾಕಲು ಸುಗ್ರೀವಾಜ್ಞೆ ನೀಡಿತು
23454076,ಜೊತೆಗೆ ಇಂಗ್ಲೀಷ್ ಪ್ರಮುಖ ವ್ಯಾವಹಾರಿಕ ಭಾಷೆಯಾಗಿ ಬಳಕೆಯಾಗುತ್ತದೆ
23553136,ಅಲ್ಲದೇ ಇದರಲ್ಲಿ ಭಾರತ ಕಂಚಿನ ಪದಕ ಗೆದ್ದುಕೊಂಡಿತ್ತು
24010908,೭ ವೇಗಗಳಲ್ಲಿ ಹೋಗುವಾಗ ಬಳಸಲಾಗುತ್ತದೆ ಮತ್ತು ಇತರ ವೇಳೆಗಳಲ್ಲಿ ನಿಷ್ಕ್ರಿಯಗೊಳಿಸಲಾಗಿರುತ್ತದೆ
23435612,ಅವನ್ನು ಇಟ್ಟಿಗೆ ಅಥವಾ ಸಿಮೆಂಟ್ ಕಾಂಕ್ರೀಟಿನಿಂದ ಕಟ್ಟುವುದು ರೂಢಿ
24126424,೫೫೦ ಕ್ಕಿಂತ ಕಡಿಮೆ ಮೌಲ್ಯವನ್ನು ಕಡಿಮೆ ಎಂದು ವರ್ಗೀಕರಿಸಲಾಗಿದೆ
23464666,ಈ ರೋಬೋಟ್ ಪ್ರಯಾಣಿಕರು ಮತ್ತು ರೈಲು ಸಿಬ್ಬಂದಿಯನ್ನು ಸೋಂಕಿನಿಂದ ರಕ್ಷಿಸಲು ಸಹಾಯ ಮಾಡುತ್ತದೆ ಮತ್ತು ಭದ್ರತಾ ನಿರ್ವಹಣೆಯನ್ನು ನಿರ್ವಹಿಸುತ್ತದೆ
23475060,ವೈಜ್ಞಾನಿಕ ಸಾಹಿತ್ಯದಿಂದ ಮಾಹಿತಿಯನ್ನು ಮರುಪಡೆಯಲು ಸಹಾಯ ಮಾಡಲು ಕಂಪ್ಯೂಟೇಶನಲ್ ವಿಧಾನಗಳನ್ನು ಅಭಿವೃದ್ಧಿಪಡಿಸಲಾಗಿದೆ
23533300,ಜಾಲದ ಭಿತ್ತಿಯ ಒಂದು ಕೊನೆಯಿಂದ ಕಟ್ಟಿರುವ ಹಡಗು ಭರತದೊಂದಿಗೆ ಅನೇಕ ಗಂಟೆಗಳ ತನಕ ಚಲಿಸುತ್ತಿರುತ್ತದೆ
24167288,ಮೇಜರ್ ಶುಕ್ಲಾ ಅವರಿಗೆ ೨೬ ಜನವರಿ ೨೦೧೮ ರಂದು ಸೇನಾ ಪದಕ ನೀಡಲಾಯಿತು
23399152,ಉತ್ತರದಲ್ಲಿರುವ ಅರೇಬಿಯನ್ ಸಮುದ್ರದೊಂದಿಗೆ ಗುರುಪುರ ನದಿಯ ಸಂಗಮವಾಗುತ್ತದೆ
23586796,ಇಲ್ಲಿ ಸುತ್ತಮುತ್ತ ಇರುವ ಸೂಪರ್ಮಾರ್ಕೆಟ್ಗಳ ಪಟ್ಟಿಯನ್ನು ನನಗೆ ಕೊಡಿ.
23328398,ಭಾರತದ ಆರ್ಥಿಕ ಬೆಳವಣಿಗೆಯು ಸುಸ್ಥಿರ ಉದ್ಯೋಗ ಮತ್ತು ಬಡತನವನ್ನು ಕಡಿಮೆಮಾಡುವುದಕ್ಕೆ ಚಾಲಕವಾಗಿದೆ ಎಂದು ಇನ್ನೂ ಇತರ ಅಧ್ಯಯನಗಳು ವರದಿ ಮಾಡುತ್ತವೆ
24092460,ಡೆಲ್ಟಾ ಬೀಚ್ ಮಲ್ಪೆ ಬೀಚ್ ನಿಂದ ಕೇವಲ ೧೦ ಕಿಲೋಮೀಟರ್ ದೂರದಲ್ಲಿದೆ
23489726,ಇಂತಹ ಆಕೆಯ ಪ್ರಭಾವ ಮತ್ತು ಕಲೆಯ ಹಿರಿಮೆಯನ್ನು ಜನರು ಮನಗಂಡರು
23552640,ಅವರು ವಿದೇಶಾಂಗ ಸಚಿವ ಜಸ್ವಂತ್ ಸಿಂಗ್ ಅವರೊಂದಿಗೆ ಉದ್ಯೋಗ ವಿನಿಮಯ ಮಾಡಿಕೊಂಡರು
23347452,ಆದರೆ ಅದನ್ನು ಪತ್ತೆಹಚ್ಚಲು ಪ್ರಯತ್ನಿಸಿದ ನಂತರದ ಪರಿಶೋಧಕರಿಗೆ ಅದು ಸಾಧ್ಯವಾಗಲಿಲ್ಲ
23394276,ಬೀದರ್ ಹೆಸರಿನ ಉಗಮದ ಬಗ್ಗೆ ಬೀದರ್ ಜಿಲ್ಲೆಯ ಅಧಿಕೃತ ತಾಣದಲ್ಲಿ ಹೇಳಲಾಗಿದೆ
23648794,ರಿಯೊ ಡಿ ಜನೈರೊನಲ್ಲಿ ಪ್ರಸ್ತುತ ಸಮಯ ಏನು?
23552454,ಜೊತೆಗೆ ಯಾವುದಾದರೊಂದು ವಿಷಯದ ಮೇಲೆ ವಿದ್ಯಾರ್ಥಿ ತನ್ನ ಪ್ರಾಜೆಕ್ಟ್ ವರದಿಯನ್ನು ಒಪ್ಪಿಸಬೇಕಾಗುತ್ತದೆ
23617544,ದಯವಿಟ್ಟು ನಡುವಿನ ಮಧ್ಯದ ಸೀಟನ್ನು ಅರ್ಧದಷ್ಟು ಮುಂದಕ್ಕೆ ಸರಿಸಿ
23488512,ರಾಘವೇಂದ್ರಾರವರು ಸಂಗೀತ ಸೇವೆಯನ್ನು ಅತ್ಯಂತ ಸಮರ್ಪಕವಾಗಿ ತಮ್ಮ ಶಿಷ್ಯರಿಗೆ ಸಂಗೀತ ಪಾಠವನ್ನು ನೀಡುವುದರ ಮೂಲಕ ಸಲ್ಲಿಸುತ್ತಿದ್ದಾರೆ
23360150,ಆ ದಿನದ ಸಮಾರಂಭದ ಅಧ್ಯಕ್ಷತೆಯನ್ನು ವಹಿಸಿದ್ದವರು ಶ್ರಿ
23376168,ಮುಖ್ಯ ಶಾಕ್ಯಮುನಿ ಬುದ್ಧನ ದೇವಾಲಯವನ್ನು ಸಿಂಹಗಳ ಮೇಲೆ ಕುಳಿತಿರುವ ಲೋಕೇಶ್ವರನ ಎರಡು ಲೋಹದ ಚಿತ್ರಗಳಿಂದ ರಕ್ಷಿಸಲಾಗಿದೆ
23442670,ವಿನೋದ್ ರಾಜ್ ಭವ್ಯಶ್ರೀ ವಿನಯಾ ಪ್ರಸಾದ್ ಇದೊಂದು ಚುಟುಕು ಚಲನಚಿತ್ರ ಕುರಿತ ಬರಹ
23331686,ಈ ಹೆಸರು ರೂಢಿಯಲ್ಲಿಲ್ಲದ ಬಾಟಲಿಯ ಆಕಾರದಿಂದ ಉತ್ಪತ್ತಿಯಾಯಿತು
23563756,ಈ ಲಾರ್ವ ತನ್ನ ಶರೀರವನ್ನು ಎರಡು ಚಿಪ್ಪುಗಳಿಂದ ಮುಚ್ಚಿಕೊಂಡಿರುತ್ತದೆ
23443122,ಮಲೆನಾಡ ಸಾಂಪ್ರದಾಯಿಕ ಶೈಲಿಯಲ್ಲಿ ನಿರ್ಮಿತವಾಗಿರುವ ಕಟ್ಟಡವೇ ಶತಮಾನೋತ್ಸವ ಭವನ
23328712,ಪಶ್ಚಿಮ ಬಂಗಾಳ ಮತ್ತು ಬಾಂಗ್ಲಾದೇಶಗಳಲ್ಲಿ ಇದನ್ನು ಚಾ ಎಂದು ಕರೆಯಲಾಗುತ್ತದೆ
23998718,ಅವರು ೧೯೭೩ ರಲ್ಲಿ ಗೌಹಾಟಿ ವಿಶ್ವವಿದ್ಯಾಲಯದ ಅತ್ಯುತ್ತಮ ಗಾಯಕಿಯಾದರು
23541504,ಇದು ಪ್ರಚಲಿತ ಭ್ರಷ್ಟಾಚಾರದ ಬಗ್ಗೆ ಮಾಡಲಾಗಿರುವ ಹಾಸ್ಯ ವಿಡಂಬನೆಯಾಗಿದೆ
23526178,ಇಲ್ಲಿಯ ನಿವಾಸಿಗಳಲ್ಲಿ ಎರಡು ಪ್ರಮುಖ ಪಂಗಡಗಳನ್ನು ಕಾಣಬಹುದು
23548740,ಇಂದಿನ ಕೆಲವು ಜನಪ್ರಿಯ ಕಲಾವಿದರು ಇದನ್ನು ಹೊಂದಿರುವುದನ್ನು ತೋರಿಸುತ್ತದೆ
23349012,ಅಂದರೆ ರಕ್ತ ಬಹಳ ತೆಳುವಾಗಿಯೂ ವಿಶಾಲವಾಗಿಯೂ ಪುಪ್ಫುಸಗಳಲ್ಲಿ ಹರಡಲ್ಪಟ್ಟು ಗಾಳಿಗೆ ಒಡ್ಡಲಾಗುತ್ತದೆ
23534202,ಅದೇ ವರ್ಷ ಅವರನ್ನು ಅಸೋಸಿಯೇಟ್ ಡೀನ್ ಮಾಡಲಾಯಿತು
23418572,ಪ್ರವಾಹದಿಂದ ಉಂಟಾಗುವ ನೀರಿನ ದೊಡ್ಡ ಪ್ರದೇಶಗಳು ಸೊಳ್ಳೆಯಿಂದ ಹರಡುವ ಕಾಯಿಲೆಗಳಿಗೆ ಕಾರಣವಾಗುತ್ತವೆ
23534964,ಹಿಂದೆ ವಿವರಿಸಿರುವ ಹಲವು ಪ್ರಭೇದಗಳನ್ನು ಅವುಗಳ ಅಲಂಕಾರದ ಹೂಗಳಿಗಾಗಿ ಉದ್ಯಾನಗಳಲ್ಲೂ ಮನೆಗಳ ಮುಂದೆಯೂ ಬೆಳೆಸುತ್ತಾರೆ
23593864,ಚಾಲಕನ ಬದಿಯ ಮಧ್ಯದ ಆಸನವನ್ನು ಪೂರ್ತಿಯಾಗಿ ಮುಂದೆ ಒರಗಿಸಿ
23442034,ಬುಕಾನನ್ ಬಹಳವಾಗಿ ದುರ್ಬಲಗೊಂಡಿದ್ದ ತಮ್ಮ ಪಕ್ಷದ ಮೇಲೆ ಹಿಡಿತವನ್ನು ಕಳೆದುಕೊಂಡರು
23449844,ನಾನಾ ಸಮಾಜ ವ್ಯವಸ್ಥೆಗಳು ಇರುವುದು ಸಾಧ್ಯವೆಂದು ಅವರ ನಂಬಿಕೆ
23367020,ಶಿವು ಮತ್ತು ಪ್ರೀತಿ ಮದುವೆಯಾಗಿ ಒಟ್ಟಿಗೆ ವಾಸಿಸುವಾಗ ಚಿತ್ರ ಕೊನೆಗೊಳ್ಳುತ್ತದೆ
23374626,ಪಾಕಿಸ್ತಾನ ನೌಕಾಪಡೆಯ ಮೇಲೆ ದೊಡ್ಡ ಹಾನಿ ಉಂಟಾಯಿತು
23335966,ಮುಖ್ಯ ವಿಷವು ವೀಕ್ಷಿಸುವವರ ಗಮನವನ್ನು ಸೆಳೆಯುವಂತೆ ಅವರು ತಮ್ಮ ಸಂಯೋಜನೆಗಳನ್ನು ವ್ಯವಸ್ಥೆಗೊಳಿಸಿದರು
23479236,ಮುಂದಿನ ಹಂತದ ಯಮುನೆಯ ಶಿಲ್ಪದಲ್ಲಿ ಕೆಲವು ಮಾರ್ಪಾಡುಗಳಾಗಿವೆ
24279250,ರಜತ್‌ ಅವರ ಕಚೇರಿಗೆ ಕರೆ ಮಾಡಬಹುದೇ?
23463892,ಚಲನಚಿತ್ರವು ತುಂಬಾ ಗಂಭೀರವಾಗಿದೆ ಮತ್ತು ಅಸ್ವಸ್ಥತೆಯ ಮೇಲೆ ಗಡಿಯಾಗಿದೆ ಎಂಬ ಟೀಕೆಗೊಳಗಾಯಿತು
23351668,ಇದು ಭಾರತೀಯ ಆರ್ಥಿಕತೆಯ ಪ್ರಮುಖ ಭಾಗವಾಗಿರುವುದರಿಂದ ಅದರಲ್ಲಿ ಹಸ್ತಕ್ಷೇಪ ಮಾಡಲು ಬ್ರಿಟಿಷರು ಹಿಂಜರಿಯುತ್ತಿದ್ದರು
23374682,ನಾನು ಕೊಲೊರೆಡೊ ನದಿ ಅಯೋಗದ ಅಧ್ಯಕ್ಷನಾಗಿ ಇಂದಿಗೆ ಹತ್ತು ವರ್ಷಗಳಾದವು
24151288,ನಾಡ ವಿಡಂಬನೆ ಹಾಸ್ಯಮಯ ಪ್ರಸಂಗಗಳು ಲಾವಣಿಯಲ್ಲಿ ಎದ್ದು ಕಾಣುವ ಅಂಶಗಳು
23559264,ಆತ ಕೌಲಾಲಂಪುರ್ ನ್ನು ಚಿಕ್ಕ ಅಪರಿಚಿತ ಪಟ್ಟಣವನ್ನು ಅತ್ಯುತ್ತಮ ಗಣಿಗಾರಿಕೆ ಮತ್ತು ಉತ್ತಮ ಆರ್ಥಿಕ ನಗರವನ್ನಾಗಿ ಪರಿವರ್ತಿಸಲು ಸಮರ್ಥನಾದ
23549264,ಕಲ್ಯಾಣ ಚಾಲುಕ್ಯರ ಕಾಲದಲ್ಲಿ ಲಕ್ಕುಂಡಿ ಪ್ರಮುಖ ಟಂಕಸಾಲೆ ಆಗಿತ್ತು
23421844,ಇದು ಜಿಲ್ಲಾ ಅಧೀಕ್ಷಕರ ಪ್ರಧಾನ ಕಛೇರಿಯನ್ನು ಹೊಂದಿದೆ
23418056,ಹೀಗೆ ಜೈಪುರ ಪಿಂಕ್ ಪ್ಯಾಂಥರ್ಸ್ ಉದ್ಘಾಟನಾ ಪ್ರೊ ಕಬಡ್ಡಿ ಲೀಗ್ ಗೆದ್ದರು
23539050,ಅದರ ಹಿಂದಣ ಅಂಶದ ಮೇಲೆಯೇ ಒತ್ತು ಕಡ್ಡಾಯವಾಗಿ ಇರಬೇಕೆಂದು ನಿಗದಿಮಾಡಿದರು
24167610,ಈ ಕಲ್ಲಿನ ರಥವು ವಾಸ್ತವವಾಗಿ ಒಂದು ಅಲಂಕಾರಿಕ ರಥದ ಆಕಾರದಲ್ಲಿ ವಿನ್ಯಾಸಗೊಳಿಸಲಾದ ದೇವಾಲಯವಾಗಿದೆ
23382364,ಒಟ್ಟಿನಲ್ಲಿ ಅವರ ಯಾವುದೇ ಬರಹವಾದರೂ ಓದುಗರಿಗೆ ಸಾಹಿತ್ಯದ ಅನುಭವವನ್ನು ಕೊಡುತ್ತದೆ ಎಂಬುದು ಮುಖ್ಯವಾದ ಮಾತು
23448742,ಇದರ ಸುಳಿವನ್ನು ಅರಿತ ಕೆಲವು ಹಿತೈಷಿಗಳು ಕಣ್ಣನ್ ನೀಲೇಶ್ವರ ಬಿಟ್ಟು ಬೇರೆ ಊರಿಗೆ ಹೋಗುವುದು ಕ್ಷೇಮವೆಂದು ಸಲಹೆಯನ್ನು ನೀಡುತ್ತಾರೆ
23643976,ಮಧ್ಯದ ಸಾಲಿನ ಎಲ್ಲಾ ಸೀಟುಗಳ ಪ್ರಸ್ತುತ ಸ್ಥಾನವನ್ನು ಸೇವ್ ಮಾಡಿ
23462250,ಇದೇ ಬಳ್ಳಿಗಾವೆಯ ಹತ್ತಿರವಿರುವ ಕೋಡಿಮಠ ಕಾಳಾಮುಖ ಶೈವರ ಪ್ರಮುಖ ಕೇಂದ್ರ
23438100,ಅಲ್ಲಿಂದ ಹಿಂದಿರುಗಿದ ಹಂಮೀರ ವಿಜಯನಗರದ ಮೇಲೆ ದಂಡೆತ್ತಿದ
23561260,ಆದರೆ ಗಾಥಿಕ್ ಶೈಲಿ ಇಟಲಿಯಲ್ಲಿ ಅಷ್ಟೇನೂ ಹೆಚ್ಚಾಗಿ ಜನಪ್ರಿಯವಾದಂತೆ ತೋರುವುದಿಲ್ಲ
23475524,ಅದಕ್ಕೆ ಕಾರಣ ಈ ಕೆಳಗೆ ನಿರೂಪಿಸಿರುವ ರಾಸಾಯನಿಕ ಕ್ರಿಯೆ ಎಂದು ಭಾವಿಸಲಾಗಿದೆ
23442110,ಬಾಲ್ಯದಿಂದಲೇ ಅವರು ತಮ್ಮ ತಂದೆಯವರು ಸಂಗ್ರಹಿಸಿದ್ದ ಪಾಶ್ಚಿಮಾತ್ಯ ಸಂಗೀತವನ್ನು ಆತ್ಮೀಯವಾಗಿ ಆಲಿಸುತ್ತಿದ್ದರು
23330538,ಪಂಡಿತರನ್ನು ಹಿಂದೂ ಅಭಿಮಾನಿ ಸಂಘವೇ ಕೈಬಿಟ್ಟಿದೆ ಎಂಬುದು ಅವರ ನಾಯಕರ ಚಿಂತೆ
23581058,ಅತ್ಯಂತ ಸಾಮಾನ್ಯವಾಗಿ ಈ ಎಣ್ಣೆಗಳನ್ನು ಜಲ ಅಥವಾ ಉಗಿ ಶುದ್ಧೀಕರಣದ ಮೂಲಕ ಹೊರತೆಗೆಯಲಾಗುತ್ತದೆ
23446610,ಆಲ್ಕಲೈನ್ ಬ್ಯಾಟರಿಗಳು ಜಿಂಕ್ ಪುಡಿಯು ಆನೋಡ್ ಪಾತ್ರವನ್ನೂ ಮ್ಯಾಂಗನೀಸ್ ಡೈಆಕ್ಸೈಡ್ ಕ್ಯಾಥೋಡ್ ಪಾತ್ರವನ್ನೂ ವಹಿಸುತ್ತವೆ
23382746,ಈ ಬಂಡೆಗಳ ಬೆಟ್ಟಗುಡ್ಡಗಳು ಅನೇಕ ಜೈನ ಮತ್ತು ಹಿಂದೂ ಸ್ಮಾರಕಗಳ ತಾಣವಾಗಿವೆ
23391070,ಆದುದರಿಂದ ತಮಿಳು ಜನಪದ ಛಂದಸ್ಸಿನಲ್ಲಿ ಹಳಮೆಯ ಕೆಲವು ವಿಶಿಷ್ಟತೆಗಳು ಉಳಿದಿವೆ
23344798,ಇದು ಶ್ರೀಲಂಕಾ ಮತ್ತು ಭಾರತದ ಪರ್ಯಾಯದ್ವೀಪ ಕಾಡುಗಳಲ್ಲಿ ಕಂಡುಬರುತ್ತದೆ
23510010,ಬುಲೆಟ್ ಎಂಬ ಹೆಸರು ಅದರ ವೇಗದಿಂದ ಬಂದಿದೆ
24173090,ಅದರೆ ೧೮೧೪ ರಲ್ಲಿ ಅದೇ ದೇಶದ ಜೋಸೆಫ್ ಗೆ ಲುಸಾಕ್ ಎಂಬವರು ಇದನ್ನು ಒಂದು ಮೂಲವಸ್ತು ಎಂದು ಗುರುತಿಸಿದರು
23403888,ಆಯಾ ವೇಷಧಾರಿಗಳು ಆಯಾ ಪ್ರಾಣಿಗಳ ಸಾಂಕೇತಿಕ ಮುಖವಾಡವನ್ನು ತಲೆಗೆ ಕಟ್ಟಿಕೊಂಡಿರುತ್ತಾರೆ
23394172,ಎಳ್ಳಿನಿಂದ ಮಾಡಿದ ಖಾದ್ಯಗಳನ್ನು ಸೇವಿಸುವ ಸಂಪ್ರದಾಯವೂ ಇದೆ
23332172,ಅನೇಕ ಧಾರ್ಮಿಕ ಮತ್ತು ರಾಜಕೀಯ ಅನಪೇಕ್ಷಿತ ವ್ಯಕ್ತಿಗಳನ್ನು ಬಂಧಿಸಲಾಯಿತು
23547414,ಈ ಸಂಸ್ಥೆಯ ಉದ್ದೇಶ ವಾಯು ಸೇವಾ ಉದ್ಯಮಕ್ಕೆ ಸೇವೆ ಸಲ್ಲಿಸುವುದು ಮತ್ತು ಉತ್ತೇಜಿಸುವುದು
23381140,ಸಂಸ್ಕೃತಿಯ ಸಕ್ರಿಯ ಚಾಂಪಿಯನ್ ಎಂದು ರವಿಕಿರಣ್ ಹೆಸರುವಾಸಿಯಾಗಿದ್ದಾರೆ
23451240,ಕೋಟೆಯ ಗೋಡೆಗಳಲ್ಲಿ ಪತ್ತೆ ಮಾಡಲು ಸಾದ್ಯವಾಗದ ಅನೇಕ ಸುರಂಗಗಳಿವೆ
23394020,ಅನೇಕ ಎತ್ತರದ ಪ್ರದೇಶಗಳನ್ನು ಸಮತಟ್ಟು ಮಾಡಿ ಗಟ್ಟಿ ಮಾಡಲಾಗಿದೆ
23651568,ಹನೋಯಿದಲ್ಲಿ ಈಗ ಸಮಯ ಎಷ್ಟು ಎಂದು ಹೇಳಬಲ್ಲಿರಾ?
23518760,ಬಜೆಟ್ ಮತ್ತು ವಿದೇಶಾಂಗ ನೀತಿಯ ಮೇಲೆ ಅವರಿಗೆ ವ್ಯಾಪಕ ಅಧಿಕಾರಗಳನ್ನು ನೀಡಿತು
23370902,ರಾಜ್ಯವು ಹಿಂದಿನಿಂದ ಸಾಮಾನ್ಯ ಕಾನೂನಿನ ಭಾಗವಾಗಿ ಕಂಡುಬಂದಿದೆ
23500258,ಬೊಮ್ಮನಹಳ್ಳಿ ಗ್ರಾಮವು ಕರ್ನಾಟಕ ರಾಜ್ಯದ ಬಿಜಾಪುರ ಜಿಲ್ಲೆಯ ಸಿಂದಗಿ ತಾಲ್ಲೂಕಿನಲ್ಲಿದೆ
24233976,ಭ್ರಷ್ಟಾಚಾರದ ವಿರುದ್ಧ ಹೋರಾಡುವ ಕಠಿಣ ಪೊಲೀಸ್ ಪಾತ್ರದಲ್ಲಿ ಮಾಲಾಶ್ರೀ ನಟಿಸಿದ್ದಾರೆ
23384806,ಬಾಂಟು ಭಾಷೆಯಲ್ಲಿ ಬೊನೋಬೋ ಎಂದರೆ ಪೂರ್ವಜ ಎಂದು ಅರ್ಥ
23490166,ಬಹುಶಃ ಸಿಂಗಲ್ ಟ್ರ್ಯಾಕ್ ಮೀಟ್ ಸ್ಪರ್ಧೆಗಳಲ್ಲಿ ಅತಿ ಹೆಚ್ಚು ಚಿನ್ನದ ಪದಕ ಪಡೆದ ದಾಖಲೆ ಮಾಡಿದ ಏಕೈಕ ಮಹಿಳೆಯಾಗಿದ್ದಾರೆ
23555698,ಇದನ್ನು ಭಾರತದ ರಕ್ಷಣಾ ಸಚಿವ ಜಾರ್ಜ್ ಫರ್ನಾಂಡಿಸ್ ಉದ್ಘಾಟಿಸಿದರು
23560650,ಇದರಲ್ಲಿ ಆ ಮೂರು ಬೆರಳುಗಳು ಅಡ್ಡವಾಗಿ ಬ್ಯಾಟಿನ ಹಿಂಭಾಗದಲ್ಲಿರುತ್ತದೆ
23341528,ಆದರೆ ಪ್ರಾಯಶಃ ಆತ ತಾನು ಸೃಷ್ಟಿಸಿದ ಪಾತ್ರಗಳಿಂದಾಗಿ ಹೆಚ್ಚು ಪ್ರಸಿದ್ಧಿಯನ್ನು ಪಡೆದಿದ್ದಾನೆ ಎನಿಸುತ್ತದೆ
23383208,ಅದು ಆಹಾರವನ್ನು ಒದಗಿಸಿತು ಮತ್ತು ಇದರಿಂದಾಗಿ ಯುದ್ಧ ಪ್ರಯತ್ನಗಳಿಗೆ ಸಂಪನ್ಮೂಲಗಳನ್ನು ಮುಕ್ತಗೊಳಿಸಿತು
23614388,ದಯವಿಟ್ಟು ಡ್ರೈವರ್ ಕಡೆಯ ಡೋರ್ ಅನ್ನು ಬಂದ್ ಮಾಡಿ ಮತ್ತು ಅದನ್ನು ಲಾಕ್ ಮಾಡಿ
23491854,ದೀಪಾವಳಿಯನ್ನು ಆಶ್ವಿಜ ಬಹುಳ ಅಮವಾಸ್ಯೆಯ ದಿವಸ ಆಚರಿಸುತ್ತಾರೆ
23451620,ಸಂಕೀರ್ಣ ಮತ್ತು ಜಟಿಲ ಮಾದರಿಗಳೊಂದಿಗೆ ಸುಧಾರಿಸುವ ಸಂಗೀತಗಾರನ ಸಾಮರ್ಥ್ಯವನ್ನು ಪಲ್ಲವಿ ಸವಾಲು ಹಾಕುತ್ತದೆ
23433948,ಮೂಲ ಸ್ಯಾಕ್ಸನ್ ಭಾಷೆಯಲ್ಲಿ ಪಳಗಿಸಿದ ಗಂಡು ದನಕ್ಕೆ ಮಾತ್ರ ಈ ಹೆಸರನ್ನು ಬಳಸಲಾಗುತ್ತಿತ್ತು
23451846,ಇವರು ಅನೇಕ ಪುರುಷರೊಂದಿಗೆ ಅನೈತಿಕ ಸಂಬಂಧವನ್ನು ಹೊಂದಿದ್ದರು
23430108,ಇದು ಒಂದು ಅತಿಥಿ ಗೃಹ ಅಥವಾ ಕೋಣೆಯನ್ನು ಸೂಚಿಸುತ್ತದೆ
23471862,ನಿಜವಾದ ಜಿಪ್ಸಿ ಜಾನಪದ ಯಾವುದು ಎಂಬುದರ ಬಗ್ಗೆ ಹೇಳುವುದು ಕಷ್ಟ
23645502,ಮಿಡಲ್ ರೋ ನಡುವಿನ ಆಸನದ ಸೀಟ್ ಹೀಟರ್ ಚಾಲೂ ಮಾಡು
24001160,ಸಂಪುಟ ಪುನರ್ರಚನೆಯ ನಂತರ ರೇಷ್ಮೆ ಮತ್ತು ಸಾರಿಗೆ ಸಚಿವರಾಗಿಯೂ ಕಾರ್ಯ ನಿರ್ವಹಿಸಿದರು
23542398,ಆ ದಿನ ಒಂದು ವರ್ಷ ಅಮಾವಾಸ್ಯೆ ಮತ್ತೊಂದು ವರ್ಷ ಪೌರ್ಣಮಿ ಆಗಿರಬಹುದು
23477466,ಅವುಗಳೆಂದರೆ ವಿದೇಶಿ ಖಾಸಗಿ ಬಂಡವಾಳ ಮತ್ತು ವಿದೇಶಿ ಸಾರ್ವಜನಿಕ ಬಂಡವಾಳ
23493614,ಪ್ರಹ್ಲಾದರಾವ್ ಬರೆದ ಸ್ವಾರಸ್ಯಕರ ಸಂಗತಿಗಳ ಮತ್ತೊಂದು ಪುಸ್ತಕ
23547128,ಅವರು ಎಡಗೈ ವೇಗದ ಬೌಲರ್ ಮತ್ತು ಎಡಗೈ ಬ್ಯಾಟ್ಸ್ಮನ್ ಆಗಿದ್ದಾರೆ
23441412,ಪ್ರಾರ್ಥನಾ ಮಂಟಪದಲ್ಲಿ ಕಲ್ಲಿನಿಂದ ಕೆತ್ತಲ್ಪಟ್ಟ ದ್ವಾರಪಾಲಕರ ಮೂರ್ತಿಗಳಿವೆ
23380910,ಪೊಲೀಸ್ ಠಾಣೆ ಪೊಲೀಸ್ ಇಲಾಖೆಯ ಕೆಳಮಟ್ಟದ ಘಟಕಗಳಾಗಿವೆ
23496930,ಅಭಿವೃದ್ಧಿಯೇ ಮುಳುವಾಗಿದೆ ಈಗ ಜೈನ ಸಮುದಾಯವು ಇಲ್ಲಿ ಒಂದು ಮಠವನ್ನು ಪ್ರತಿಷ್ಠಾಪಿಸಿ ಅದರ ಮೇಲ್ವಿಚಾರಣೆಗೆ ಒಬ್ಬರು ಗುರುಗಳನ್ನು ನೇಮಿಸಿದೆ
23364010,ಮುಂಬಯಿ ಅತಿ ಜನಪ್ರಿಯ ಆಟ ಎಂದರೆ ಕ್ರಿಕೆಟ್
23394394,ಭಾರತೀಯ ಪಠ್ಯಗಳಲ್ಲಿ ಅಸುರರನ್ನು ಒಳ್ಳೆ ಅಥವಾ ಕೆಟ್ಟ ಗುಣಗಳಿರುವ ಬಲಿಷ್ಠ ಅತಿಮಾನುಷ ದೇವಮಾನವರು ಅಥವಾ ರಾಕ್ಷಸರು ಎಂದು ವರ್ಣಿಸಲಾಗಿದೆ
23555308,ಇದರ ಕಾಯಿ ಮತ್ತು ಎಲೆಗಳನ್ನು ಔಷಧೋಪಚಾರಕ್ಕೆ ಉಪಯೋಗಿಸುತ್ತಾರೆ